31236.9841113652,-2000,0,53.604154686598967,8096.1935343611276
29729.914040216951,-2000,0,53.54272301371379,8097.105699160009
28443.694530344525,-2000,0,53.479623752573055,8098.2336890574798
27345.596959291172,-2000,0,53.41587041387173,8099.6019985833154
26407.734149015865,-2000,0,53.352127513255958,8101.2395028086639
25606.343503300293,-2000,0,53.288815935126934,8103.1814487902138
24921.176987290473,-2000,0,53.226188005211768,8105.4724559916376
24334.981880421088,-2000,0,53.164380774938536,8108.1713107005562
23833.058678315912,-2000,0,53.103453659963677,8111.3591653895137
23402.884585935488,-2000,0,53.043414866745053,8115.1547904047529
23033.79279302913,-2000,0,52.984239804881781,8119.7462934887126
22716.699203726104,-2000,0,52.925883788781462,8125.4686285776979
22443.869546647762,-2000,0,52.868290685727032,8133.0503634136439
22208.720855308711,-2000,0,52.811398700272008,8145.0219302192945
22005.652210305969,-2000,0,52.755144147594656,8143.0833708685068
21829.900399734623,-2000,0,52.699463825127317,8129.2270563424763
21677.416803388063,-2000,0,52.644296416464712,8119.0401681904505
21544.762357313208,-2000,0,52.589583235420392,8110.3343699060288
21429.017923161675,-2000,0,52.535268527508457,8102.4699125677762
21327.70778415832,-2000,0,52.481299481200672,8095.1567205449337
21238.734327100839,-2000,0,52.427626054898141,8088.2353152474243
21160.322256662494,-2000,0,52.37420069248428,8081.6075262427712
21090.970932052973,-1672.6736306515904,0,52.320977976849441,8075.2081977265616
21029.428975269282,-1213.7357736136983,0,52.267914163208054,8069.0042274478747
20974.643970775945,-808.25634291579354,0,52.214967084758044,8062.9945686246465
20925.734282261968,-451.1633607998856,0,52.162095991695075,8057.1845900295612
20881.964423690351,-137.82239906322229,0,52.109261355166716,8051.5755316877157
20842.715591264488,135.99909929765181,0,52.056424740613963,8046.165905433937
20807.44988926284,374.16469990589667,0,52.003548782734072,8040.952504652455
20775.705755313418,580.19923797490083,0,51.950596992090475,8035.9309084072638
20747.090929616334,757.31671024001844,0,51.897533615700851,8031.095817460171
20721.25795119079,908.44601547813818,0,51.84432364993198,8026.4414314143369
20697.894325033121,1036.2546501887546,0,51.790932778093108,8021.9616506544171
20676.714798399335,1143.1705125009603,0,51.737327312269542,8017.650219475142
20657.455343657439,1231.4019615626421,0,51.683474137140898,8013.5008283128109
20639.86850983807,1302.9562683472659,0,51.629340653909622,8009.5071870950324
20623.719861115525,1359.6565833660816,0,51.574894722820787,8005.6630779112411
20608.785268763746,1403.1575371304216,0,51.520104603070209,8001.9623926953236
22544.17061871857,1434.9595803066741,1,51.465234155265954,7998.4030410664573
27531.51490453109,1456.4214772098285,1,51.419497644032873,7995.0896388916563
19534.548827574316,1468.7720390241657,0,51.373549998040829,7991.8573534592224
19249.910579224957,1473.125799477868,0,51.32693294767185,7988.7232753984981
18764.709811514153,1470.4890394067825,0,51.282270517847202,7985.7416503729173
19021.662001317291,1461.7672784365045,0,51.229958217700911,7982.7312306659178
18443.69586558632,1447.7805006781173,0,51.186291529094348,7979.9814275539065
18745.044119673654,1429.2617359559517,0,51.133731125223747,7977.1684989988535
18194.708085147755,1406.8752689312882,0,51.089657239227641,7974.6088690392489
18528.702233124186,1381.2118822124544,0,51.036469355937044,7971.9773073005017
17997.26332056876,1352.805753109446,0,50.992519792919808,7969.5918434254645
18355.063597435739,1322.1309287433578,0,50.938371988513254,7967.1263358441329
17835.836577723097,1289.6132718193935,0,50.894307037067634,7964.8999202129089
45040,1255.6305337381818,1,50.838902218476974,7962.5860454058329
17698.211691438126,1220.5185957065632,0,50.795319476265988,7960.5046376966002
17242.045631849229,1184.57654647049,0,50.749861416265951,7958.4805045292087
45040,1148.0671318951381,1,50.693386394645735,7956.3581630452491
17223.591807305034,1111.2227051350578,0,50.648620643319219,7954.4623535489745
16803.226343383027,1074.2476363196706,0,50.602542107952686,7952.6156355508883
16425.431387802673,1037.3200140282308,0,50.555789565918865,7950.8163761250389
16084.416875042309,1000.5953023540285,0,50.508178577979805,7949.0628389305948
15774.817231153876,964.20772853918288,0,50.460405344894298,7947.3533396309504
45040,928.27323395854296,1,50.401144662657607,7945.5264183311801
45040,892.89120568361477,1,50.353353603767005,7943.9199828477886
45040,858.14501724843331,1,50.305301156494878,7942.3498421758386
45040,824.1051416311177,1,50.256817883595168,7940.8145762132299
45040,790.82988052985706,1,50.208559364746151,7939.3229057108183
16409.207435350003,758.36662504755077,0,50.16085366867317,7937.8759098548762
16629.997726431855,726.75343304662738,0,50.112931863225391,7936.4707591121169
16818.245010588755,696.01915362277964,0,50.065734076922141,7935.1049239561798
16977.980733412995,666.18569665999348,0,50.018471134307909,7933.7759385443242
17112.410047313238,637.26793358636223,0,49.971198763953751,7932.4815573586175
17224.435406881104,609.27483220578119,0,49.923960189127705,7931.2196827048483
45040,582.20993727963423,1,49.867180185136725,7929.8393489499758
18047.578213445599,556.07273552508389,0,49.822358080306593,7928.6526428198849
18038.919521406675,530.85864036960504,0,49.777107839098811,7927.4912443743524
45040,638.65627943074742,1,49.721249863834252,7926.2095924173991
18643.890670667181,954.64059439910307,0,49.677381819769643,7925.112420687241
18552.018576580056,1228.322210530084,0,49.632512822559178,7924.0465777052905
19168.05409541486,1389.6253857152974,0,49.578396810449775,7922.8839295904872
19007.949970149697,1608.2533826574083,0,49.534487398042707,7921.9310571373044
19553.320201483013,1719.6385924836432,0,49.480852031583623,7920.8998701960027
19339.211318435639,1891.4152022331189,0,49.438226894705352,7920.0893702407921
19829.848008012988,1960.2975617270531,0,49.385422293913606,7919.2144048396576
19573.028556276517,2000,0,49.342053811432223,7918.5683662377123
20021.197129406144,2000,0,49.29031646856992,7917.8663679934025
20404.044558304457,2000,0,49.237822269152169,7917.2621413683064
20064.297619827077,2000,0,49.196407831080599,7916.8850957397453
20428.816949562741,2000,0,49.145500242693323,7916.4548897441291
20738.230607818896,2000,0,49.094092236084805,7916.1216256991256
20339.020866624774,2000,0,49.051517290593758,7916.0139756042745
20646.959889731326,2000,0,49.001990544856156,7915.8550171237966
20906.560634323581,2000,0,48.952097338912473,7915.7939930013326
21123.996880833616,2000,0,48.902007622800113,7915.8307183365578
21304.655500506989,2000,0,48.851858921891107,7915.9653122826767
21453.237081827825,2000,0,48.801762799467205,7916.1981848404357
21573.843645424222,2000,0,48.751809900202758,7916.5300278816067
21670.055194386357,2000,0,48.702073903779684,7916.9618102204395
21744.996578211416,2000,0,48.652614639013542,7917.4947766426649
21801.395929719238,2000,0,48.603480549178208,7918.13045089346
21841.635754357714,2000,0,48.554710653994547,7918.8706427223096
21867.797602005448,2000,0,48.506336119459846,7919.7174591879602
21881.701126326552,2000,0,48.458381520678302,7920.6733205455739
21884.938231087926,1996.9474859150032,0,48.410865863093925,7921.7409811771149
21878.903093965124,1892.3758061039671,0,48.363803411319083,7922.9234967537686
21864.82427255885,1789.0939944184302,0,48.317204326188808,7924.2222291621165
21843.7887902191,1686.9962625299704,0,48.271075152053669,7925.6359889178702
21816.768252028342,1586.0145846708565,0,48.2254191947805,7927.1638450135106
21784.632249772319,1486.1123367268738,0,48.180236908014734,7928.8051281822864
21748.160021885731,1387.2787693869959,0,48.135526223679847,7930.5594394235641
21708.050597790181,1289.524215241544,0,48.091282836716026,7932.4266640273809
21664.931626298083,1192.8759410494467,0,48.047500452071354,7934.4069915351238
21619.367062137448,1097.3745666326404,0,48.00417100039396,7936.5009423079282
21571.863862461196,1003.0709810582412,0,47.961284827638231,7938.7094016612446
21522.877825892028,910.02369500124678,0,47.918830862817131,7941.0336628859268
21472.818689778738,818.29657551351102,0,47.876796767350584,7943.4754809443875
21422.054586551516,727.95691592937783,0,47.835169068832805,7946.0371392504721
21370.915947073627,639.0737993884859,0,47.793933281536049,7948.7215327791801
21319.698927461202,551.71671952187444,0,47.753074015559669,7951.5322719054575
21268.668425785821,465.9544262969921,0,47.712575076200011,7954.4738129883181
21218.060746221974,381.85396891601249,0,47.672419554845341,7957.5516240271127
21168.08596041445,299.47991107019243,0,47.632589912476433,7960.7723970843736
21118.930008999447,218.89369682762481,0,47.593068056670099,7964.144324183244
21070.756580212346,140.15314802522516,0,47.553835412850781,7967.6774610269413
21023.708797264346,63.312076294457256,0,47.514872990409785,7971.3842148339481
20977.910741587039,-11.58000518154131,0,47.476161444207634,7975.2800118152745
20933.467822537757,-84.478081732132523,0,47.437681135834232,7979.3842392746456
20890.464726339953,-155.34175842762215,0,47.399412199907943,7983.7216123299613
20848.976497813397,-224.13533445833127,0,47.361334556292739,7988.3240980380424
20809.063994925036,-290.82779784944341,0,47.323427977688986,7993.2340431887469
20770.774876411753,-355.39278723803363,0,47.285672133234918,7998.5091657261764
20734.144520610615,-417.80851377996441,0,47.248046629197454,8004.2311250978546
20699.196883928522,-478.05764974941576,0,47.210531046898147,8010.5214084899908
20665.945306033893,-536.12718968897389,0,47.173104977997149,8017.5739908336409
20634.39326771782,-592.00828933752928,0,47.135748057239773,8025.7333002824553
20604.535106422365,-645.6960869966415,0,47.098439992754926,8035.7308782572709
20576.356693642763,-697.18951148430824,0,47.061160593982841,8049.8595394703261
20549.836077754408,-746.49108036166399,0,47.023889797299894,8055.1976361320712
20524.94409527423,-793.60669169595076,0,46.986607689400707,8037.379464661818
20501.644953120969,-838.54541223834894,0,46.94929452849204,8025.5959893139061
20479.896784073451,-881.31926454301538,0,46.911930763348387,8016.1035680925752
20459.652177327211,-921.94301523071408,0,46.874497050276119,8007.9387825222366
20440.858685804746,-960.43396630444386,0,46.836974268030488,8000.6767923412272
20423.459311673883,-996.8117511525279,0,46.79934353072845,7994.0854332197532
20407.392971362962,-1031.0981366250171,0,46.761586198799129,7988.0213590763587
20392.594941223797,-1063.3168323407654,0,46.72368388801366,7982.38869364948
20378.997284877696,-1093.4933081728223,0,46.685618476635987,7977.1195613406417
20366.529263180728,-1121.654620668759,0,46.647372110736718,7972.1638177048899
20355.117727659035,-1147.8292489879532,0,46.60892720771286,7967.4831656163515
20344.687498188523,-1172.0469407796827,0,46.570266458057368,7963.0475643178424
20335.161725625185,-1194.3385682823991,0,46.531372825423603,7958.8329255261333
20326.462240028763,-1214.7359947956365,0,46.492229545031485,7954.8195740701676
20318.509885063741,-1233.2719515600465,0,46.452820120463578,7950.9911841648718
20311.224839105831,-1249.9799249778466,0,46.413128318901478,7947.3340232113651
20304.526923528847,-1264.8940540146286,0,46.373138164854936,7943.836401023721
20298.335898595818,-1278.0490375429736,0,46.332833932438213,7940.4882601752061
20292.571747329341,-1289.4800513182377,0,46.292200136250962,7937.2808656715652
20287.154947689174,-1299.222674216644,0,46.251221520923153,7934.2065660399767
20282.006733340691,-1307.3128233140951,0,46.209883049386548,7931.2586067405082
20277.049343255261,-1313.7866973413702,0,46.168169889938063,7928.4309825589444
20272.206260344836,-1318.6807280158423,0,46.126067402163322,7925.7183194806275
20267.40243929602,-1322.0315387218247,0,46.083561121791888,7923.1157791639635
20262.564523736317,-1323.875909990129,0,46.040636744558888,7920.6189809521084
20257.621052835759,-1324.2507512120274,0,45.997280109150971,7918.2239376477673
20252.50265742145,-1323.1930780131227,0,45.953477179318064,7915.9270021994098
20247.14224566138,-1320.7399947079803,0,45.909214025235748,7913.7248231197018
20241.475178356421,-1316.9286812566024,0,45.864476804206234,7911.6143069528698
20235.439433866857,-1311.7963841483577,0,45.819251740790058,7909.5925864780902
20228.97576269101,-1305.3804106474583,0,45.773525106463133,7907.6569936154137
20222.027831709704,-1297.7181258461387,0,45.727283198897823,7905.805036213922
20214.542358110019,-1288.8469519871264,0,45.680512320969754,7904.0343780658377
20206.469233006381,-1278.8043695353663,0,45.633198759595352,7902.3428216177963
20197.761634784554,-1267.6279194998478,0,45.585328764507935,7900.7282929502744
20188.376132205671,-1255.3552065299018,0,45.536888527083612,7899.188828674849
20178.272777322185,-1242.0239023358531,0,45.487864159330556,7897.7225644616174
20167.415188274586,-1227.6717490110464,0,45.438241673158124,7896.3277249592193
20155.770622057218,-1212.3365618614937,0,45.388006960044699,7895.0026149100959
20143.310037362869,-1196.0562313794694,0,45.337145771225167,7893.745611296471
19373.106023536344,-1223.2531992263007,0,45.296026494932676,7892.6955526150341
19473.066467390297,-1192.7772808624763,0,45.246182144138494,7891.5497886861203
19554.997774811032,-1163.879881162286,0,45.195286904440579,7890.4729715321046
19621.457321845592,-1136.1929921833523,0,45.143389049863977,7889.4625937136525
18898.735103666415,-1155.5704133052993,0,45.102791075564994,7888.659478448466
19057.79015536921,-1116.5282812906389,0,45.051392125193551,7887.7545762942445
19189.312285339718,-1080.4656554327191,0,44.998663257214346,7886.9154217284868
18505.522852912716,-1093.9639986049126,0,44.957242335216584,7886.2845543515623
18713.444865572623,-1048.9610976886058,0,44.904572177736945,7885.54738631281
18077.746844916957,-1055.9109214790656,0,44.861395255356015,7885.0219935788255
18342.988577074844,-1004.8519802688061,0,44.808312348292105,7884.387380863026
17742.035563179244,-1007.4453219927746,0,44.764639741297572,7883.9664260399704
18050.408058104647,-952.41538810300358,0,44.710745949228162,7883.4331088480449
17474.267191909541,-952.20508978882799,0,44.667128549806961,7883.1142298205341
17815.240920313645,-894.70606906817136,0,44.612091336339326,7882.6797624471546
17256.571022728102,-892.71601134328739,0,44.5683067297661,7882.4597811145177
16760.595073412776,-882.90303060698807,0,44.522663243231278,7882.2774880881998
17198.101533968598,-817.3924346894803,0,44.466790284336582,7881.975084292284
16697.527328969602,-809.41392167043387,0,44.422086904555172,7881.8910905346311
16252.570806438622,-794.92079074791491,0,44.376138838604767,7881.8433244930466
15856.435167129852,-775.22976684372975,0,44.329628702154075,7881.8330390981455
45040,-701.98126120374445,1,44.272117574289133,7881.6962060413043
15987.697815221272,-688.1504420050785,0,44.226663491092665,7881.7823854717981
15606.477245057811,-669.19108070286848,0,44.179642546445642,7881.9025112976151
15266.407340808326,-646.41665604436548,0,44.132688364326498,7882.0574130742589
14996.846669333492,-618.67802448436851,0,44.084290815340211,7882.2415170508484
14807.893536981892,-586.3859992996413,0,44.034883414444131,7882.4523975733355
14689.242945384769,-550.80719377551441,0,43.984184523975003,7882.6911051577345
14630.511976665312,-513.20114035602865,0,43.932704014893147,7882.9584116915776
35891.348852514071,-474.36725992397987,1,43.880108288869963,7883.2545093365152
14033.450339294874,-465.06825410694273,0,43.834761690320526,7883.6918971482846
13669.558624789564,-442.06779069588902,0,43.786415240130239,7884.1246559136289
13492.721161856329,-409.49624709684622,0,43.735355524606007,7884.5600280110384
26167.904761715508,-370.89138897617022,1,43.682589363378753,7885.003744864418
23481.993601433336,-343.93558134932937,1,43.632193193104321,7885.5213585474758
20645.136661382574,-317.16417250870791,1,43.581380530088673,7886.0729223391672
17990.289934309825,-283.76643085965634,1,43.528075325215177,7886.6290548923525
16009.032870941093,-235.70300781392552,1,43.467958434823736,7887.1499017801216
14535.2808713664,-179.56705857525958,1,43.400016252598164,7887.6511353028445
14487.377941521754,-120.0552136419783,0,43.323344339155035,7888.1437841698216
15193.370334209876,-68.88130234957589,0,43.241347265979357,7888.6736121237145
15785.39057258998,-26.981338574918027,0,43.155642623310904,7889.246578475957
16281.601660972769,7.5419352075014103,0,43.066773072342073,7889.8570690918441
16697.321904612523,36.219614122541316,0,42.975147519707178,7890.5004572229582
17045.471539008082,60.282899172636007,0,42.881075674897573,7891.1729347632336
17336.951537782956,80.717957217476396,0,42.784793368740587,7891.8713389803488
17580.958265983325,98.311225478718825,0,42.686481292328111,7892.5930549516788
17785.250065726766,113.68676320430404,0,42.586278856785214,7893.3359177249422
17956.371941294638,127.33698338644581,0,42.484294508541552,7894.0981316344796
18099.845002344107,139.64788974524481,0,42.380613444851676,7894.8782038609434
18220.32623405991,150.9197616908973,0,42.275303414650871,7895.6748898152227
18321.743262473683,161.38407490869213,0,42.168419102952818,7896.4871483359339
18407.408035648936,171.21731409843778,0,42.06000546222598,7897.3141050288959
18480.112718639764,180.55222398730803,0,41.950100256784161,7898.1550223591621
18542.210579668706,189.48695206233606,0,41.838736015660032,7899.0092753412246
18595.684208917704,198.09245890147758,0,41.725941538169558,7899.8763318689898
18642.203045236605,206.41850721085848,0,41.611743059025528,7900.7557368908865
18683.171878198522,214.49848669965559,0,41.496165152556173,7901.6470997721917
18719.771733658978,222.35328702394008,0,41.379231435554992,7902.5500843012514
18752.994332391092,229.99439374013946,0,41.260965113535939,7903.4644008920968
18783.671126925536,237.42635128273059,0,41.141389404257659,7904.3898006165455
18812.497765981141,244.64871136767579,0,41.020527864276666,7905.3260707666759
18840.054704294242,251.65756403702244,0,40.898404638241402,7906.2730317057667
18866.82456444663,258.4467310572968,0,40.775044646106167,7907.2305348145783
18893.206763273294,265.0086869415486,0,40.650473720029453,7908.198461381442
18919.529835926471,271.33526096145715,0,40.524718700138841,7909.176722320839
18946.061823432719,277.4181637165043,0,40.397807496382825,7910.1652586369291
18973.01903270603,283.24937376983257,0,40.269769122193949,7911.1640425771648
19000.573429871863,288.82141324322833,0,40.140633704543376,7912.1730794476625
19028.858887060363,294.12753583589733,0,40.010432474088773,7913.1924100873903
19057.976468400004,299.16184628532915,0,39.87919773844245,7914.222114023768
19087.998911815503,303.91936665061917,0,39.746962841066662,7915.2623133586585
19118.974438590412,308.39606182632906,0,39.613762107902232,7916.3131774628591
19150.93000180044,312.5888342695398,0,39.479630783527362,7917.3749285900167
19183.874067073797,316.49549594660107,0,39.344604958404474,7918.447848559832
19217.799004192639,320.11472389798587,0,39.208721488588552,7919.5322867077875
19252.683155397059,323.44600451309634,0,39.072017909126693,7920.628669357664
19288.492635534541,326.48957054673429,0,38.934532342266976,7921.7375111487381
19325.182910114214,329.24633404993733,0,38.796303401506343,7922.8594286475991
19362.700189624738,331.71781769286758,0,38.657370092436395,7923.995156804338
19400.982671943424,333.90608639574475,0,38.517771711287722,7925.1455689869445
19439.961659123383,335.81368073050544,0,38.377547742023403,7926.3117015648768
19479.562570144062,337.44355319036958,0,38.236737752788585,7927.4947843407217
19519.705867222841,338.79900813011614,0,38.095381292481598,7928.6962785893866
19560.307909903444,339.88364594298491,0,37.953517788172547,7929.9179251220103
19601.281748274036,340.70131184957313,0,37.811186444055565,7931.1618057484247
19642.537864248032,341.25604952101617,0,37.668426142579577,7932.4304229311356
19683.984867802123,341.55205963575804,0,37.525275348360005,7933.7268045760629
19725.530153357227,341.59366337051961,0,37.38177201542868,7935.054644250883
19767.08052006433,341.38527074706985,0,37.23795349833162,7936.4184924687625
19808.542758582757,340.93135369311426,0,37.093856467534842,7937.8240234956165
19849.824205981236,340.23642362538931,0,36.949516829545921,7939.2784172275979
19890.833269626779,339.30501332321387,0,36.80496965210569,7940.7909226124339
19931.479920328598,338.14166282970916,0,36.6602490947487,7942.373719598344
19971.676154555826,336.75090909405753,0,36.515388344975186,7944.0432971812188
20011.336425229238,335.13727905045982,0,36.370419560220725,7945.8227806409395
20050.378040384177,333.30528581704391,0,36.22537381575377,7947.7461473413523
20088.721528898568,331.25942769007281,0,36.080281058576055,7949.8666113328572
20126.290972464183,329.00418960500031,0,35.935170067347222,7952.2756441169677
20163.014303036809,326.54404673575505,0,35.790068418304131,7955.1558244398639
20198.823565121998,323.88346990670448,0,35.645002457096339,7958.9940294479584
20233.655142423861,321.02693249788376,0,35.499997276414483,7966.4436973409556
20267.449948595964,317.97891853289889,0,35.35507669924656,7957.431275328252
20300.153582074494,314.74393165028499,0,35.210263267560059,7952.7651009968376
20331.716445235525,311.3265046727139,0,35.065578236174773,7949.1290911426377
20362.093828390443,307.73120950412647,0,34.921041571563016,7946.0545845733886
20391.245959409152,303.96266710233357,0,34.776671955290233,7943.3548461215023
20419.138020031223,300.02555729365059,0,34.632486791790249,7940.9323033954443
20445.7401301842,295.92462821646484,0,34.488502220155169,7938.7281152690775
20471.02730186957,291.6647052019423,0,34.344733129610269,7936.7034375272706
20494.979364396604,287.25069892221808,0,34.201193178339025,7934.8309673659469
20517.580862936586,282.68761265893204,0,34.057894815322022,7933.0906081392677
20538.820932533574,277.98054856774604,0,33.914849304856112,7931.4670349159223
20558.693149839422,273.13471283714512,0,33.772066753426103,7929.9482304665689
20577.195364939718,268.15541966215022,0,33.629556138610184,7928.5245563753788
20594.329515702884,263.04809397529169,0,33.487325339711688,7927.188137736518
20610.101427117781,257.8182728981123,0,33.345381169824016,7925.9324409120691
20624.520598086019,252.47160589631685,0,33.203729409050524,7924.7519751227355
20637.599978106686,247.01385364035215,0,33.062374838618688,7923.6420762700072
20649.3557362344,241.45088559045621,0,32.921321275645681,7922.5987470191567
20659.807024609945,235.78867634097418,0,32.780571608331265,7921.6185363938139
20668.975738759309,230.03330077291531,0,32.640127831372872,7920.6984477732949
20676.886276733327,224.19092807617022,0,32.49999108141715,7919.8358677444621
20683.565299022426,218.26781471360454,0,32.360161672380798,7919.0285105718385
20689.041491029384,212.27029640826447,0,32.220639130492515,7918.2743745895659
20693.34532972307,206.20477924226483,0,32.08142222892522,7917.5717078687967
20696.508855929849,200.07772996158619,0,31.942509021905213,7916.918981246823
20698.565453549945,193.89566558505877,0,31.803896878200977,7916.3148673275173
20699.549636816308,187.66514241831919,0,31.665582513909445,7915.75822444599
20699.496846545986,181.39274457464018,0,31.52756202447188,7915.2480848798314
20698.443256170336,175.08507210426558,0,31.389830915864337,7914.7836468163086
20696.425588173217,168.74872883248588,0,31.252384134919737,7914.3642697719333
20693.480941416841,162.39031000416077,0,31.115216098749286,7913.9894733248821
20689.646629694216,156.01638982893988,0,30.978320723240817,7913.6589391761618
20684.960031716404,149.63350901718971,0,30.841691450620054,7913.3725167152734
20679.458452623294,143.24816239167234,0,30.705321276068787,7913.1302324444305
20673.178996997081,136.86678665454656,0,30.569202773400274,7912.9323038293778
20666.158453261076,130.49574838331068,0,30.433328119798347,7912.7791584164161
20658.43318925962,124.14133232310525,0,30.2976891196314,7912.6714594165296
20650.039058740589,117.80973003633056,0,30.162277227356913,7912.610139454966
20641.011318397741,111.50702896400969,0,30.027083569535463,7912.5964448909936
20631.384555076671,105.23920194676265,0,29.892098965976388,7912.6319941421289
20621.192622704744,99.012097246787619,0,29.757313950039311,7912.7188549871671
20610.468588470576,92.831429105888844,0,29.622718788117911,7912.8596481877748
20599.244687753391,86.702768868473413,0,29.488303498333529,7913.0576885061646
20587.552287283885,80.631536692525344,0,29.354057868467429,7913.3171802917195
20575.421856008295,74.62299386598994,0,29.219971473161106,7913.6434951099172
20562.882943121771,68.682235740747956,0,29.086033690414713,7914.0435770236218
20549.964162739136,62.814185291420415,0,28.952233717413563,7914.5265546456221
20536.693184676486,57.023587301747796,0,28.818560585712994,7915.1047046473914
20523.096730827467,51.315003177096685,0,28.685003175811492,7915.7950489804161
20509.200576631541,45.692806377897966,0,28.551550231141807,7916.6221830171571
20495.029557148446,40.16117846543176,0,28.418190371509301,7917.623738788624
20480.60757727153,34.72410574836664,0,28.284912106006303,7918.8622958661608
20465.957625633942,29.385376515820667,0,28.151703845430603,7920.4565337875647
20451.101791783298,24.148578840444202,0,28.018553914235742,7922.6931310984028
20436.061286223739,19.017098933056559,0,27.885450562039896,7926.9924395892722
20420.856462948101,13.994120028778639,0,27.752381974719555,7922.6674029686783
20405.506844106243,9.0826217832551492,0,27.619336285113476,7918.585349302235
20390.031146480131,4.2853801565352683,0,27.486301583361602,7915.3634537489042
20374.447309458967,-0.39503223859458103,0,27.353265926902939,7912.5599968159404
20358.772490208885,-4.956245348913626,0,27.22021735152142,7910.0183991488229
20343.022803649088,-9.3960904839505588,0,27.087143892387321,7907.6616658967732
20327.21405026783,-13.712598665090411,0,26.954033565299749,7905.445282988233
20311.361374305699,-17.90399867460934,0,26.820874390403141,7903.3408303760234
20295.479295479166,-21.968714751329287,0,26.687654400813454,7901.3288923782338
20279.581740811642,-25.905363965100548,0,26.554361651031741,7899.3955335635155
20263.682076410794,-29.712753293444337,0,26.420984225163821,7897.5303674476745
20247.793139046895,-33.389876423110081,0,26.28751024496438,7895.7254182021297
20231.927267402629,-36.93591029870862,0,26.153927877722815,7893.9744107272827
20216.0963328781,-40.350211439881605,0,26.020225344007684,7892.2723073738516
20200.311769848471,-43.632312047731091,0,25.886390925285806,7890.6149941830245
20184.584605283271,-46.781915920465622,0,25.752412971431372,7888.9990616954055
20168.925487647492,-49.798894197388336,0,25.618279908139833,7887.4216477436385
20153.344715014744,-52.683280949549157,0,25.4839802442606,7885.8803221239959
20137.852262331868,-55.43526863452729,0,25.349502579061795,7884.373000314471
20122.457807782594,-58.055203431979692,0,25.214835609439881,7882.8978778044884
20107.170758205524,-60.54358047574641,0,25.079968137086002,7881.4533793476867
20092.000273528378,-62.90103899748533,0,24.944889075620388,7880.0381192135428
20076.955290186499,-65.128357395988587,0,24.809587457705419,7878.6508696755127
20062.044543499025,-67.226448245544304,0,24.674052442147211,7877.2905357559684
20047.276588981,-69.196353255939641,0,24.538273320994907,7875.9561347858344
20032.659822573954,-71.03923819594695,0,24.402239526646134,7874.6467797128907
20018.202499781168,-72.756387791432815,0,24.26594063896642,7873.3616653601457
20003.912753697361,-74.349200608522835,0,24.129366392429457,7872.1000570286187
19989.798611925235,-75.819183931620842,0,23.992506683284589,7870.8612809800516
19975.868012374089,-77.167948645430926,0,23.855351576756945,7869.6447164396832
19962.128817937861,-78.397204129550772,0,23.717891314284994,7868.4497888375063
19948.588830051813,-79.508753173653332,0,23.580116320799469,7867.2759640658196
19935.255801128995,-80.504486920708644,0,23.442017212046817,7866.1227435763039
19922.137445879191,-81.386379845234529,0,23.303584801959577,7864.989660174826
19909.241451513855,-82.15648477306874,0,23.164810110075155,7863.876274399503
19896.575486842568,-82.816927948731632,0,23.025684369003841,7862.7821713889625
19884.147210266656,-83.369904156018976,0,22.88619903194591,7861.706958164631
19871.964276677591,-83.817671897102485,0,22.746345780256814,7860.6502612644608
19860.034343267555,-84.162548635029225,0,22.606116531058738,7859.6117246761642
19848.365074261481,-84.406906104188437,0,22.465503444895823,7858.5910080268895
19836.964144579702,-84.553165693016751,0,22.324498933429496,7857.5877849932367
19825.839242442042,-84.603793902888384,0,22.183095667169543,7856.6017419013797
19814.998070923892,-84.561297886896995,0,22.041286583235596,7855.6325764916637
19804.448348476853,-84.428221071966775,0,21.899064893142825,7854.6799968261366
19794.197808425972,-84.207138867497548,0,21.756424090604895,7853.7437203204781
19784.254197457863,-83.900654463539553,0,21.613357959346001,7852.8234728847128
19774.625273113488,-83.511394721274911,0,21.46986058091343,7851.9189881591365
19765.318800301429,-83.042006158394855,0,21.325926342480653,7851.0300068339202
19756.342546847914,-82.495151031784843,0,21.181549944630554,7850.1562760423467
19747.704278101202,-81.873503519759225,0,21.036726409107246,7849.2975488190405
19739.411750608477,-81.179746005914794,0,20.89145108652416,7848.4535836156711
19731.472704885891,-80.416565466538373,0,20.745719664015315,7847.6241438675288
19723.894857301915,-79.586649963327673,0,20.599528172815759,7846.8089976053006
19716.685891097346,-78.692685243077847,0,20.452872995756451,7846.0079171070047
19709.85344656519,-77.737351445816586,0,20.30575087465807,7845.2206785856661
19703.405110416374,-76.723319922755067,0,20.158158917607452,7844.4470619088743
19697.348404358152,-75.653250165290515,0,20.010094606099702,7843.6868503467931
19691.690772913749,-74.529786846148312,0,19.861555802028388,7842.9398303455573
19686.439570514176,-73.355556973654487,0,19.712540754505444,7842.2057913234257
19681.602047893939,-72.133167159968124,0,19.563048106492037,7841.4845254872425
19677.185337825311,-70.865201004000369,0,19.413076901220954,7840.7758276671057
19673.196440226846,-69.554216589601168,0,19.262626588390681,7840.0794951673415
19669.642206684613,-68.202744099474074,0,19.111697030110779,7839.3953276320663
19666.52932442589,-66.813283545141147,0,18.960288506578085,7838.7231269238264
19663.864299787736,-65.388302613152803,0,18.808401721462591,7838.0626970139256
19661.653441224495,-63.930234627587808,0,18.656037806981999,7837.4138438832379
19659.902841900908,-62.441476628770594,0,18.503198328643482,7836.7763754323587
