-31.311619441811729,53.926585739630369,-1.2925104563051091,-1.1081442029365529,0.046601176652860239,-0.015355153091970429,8200,300,31236.9841113652,-2000
-31.441322893085161,53.81905825955846,-1.303741561822342,-1.0259627319692026,0.044949717300738441,-0.018253804515320032,8198.918079591167,299.95000000000005,29729.914040216951,-2000
-31.57211177389069,53.719279264460496,-1.3140209519960533,-0.9555229243023261,0.043008382828603128,-0.021152703066913935,8197.888357879292,299.90000000000009,28443.694530344525,-2000
-31.703892898939916,53.626143555159096,-1.3233988873698417,-0.89510061585737466,0.040777148972821115,-0.024051837856209683,8196.9031855110097,299.85000000000014,27345.596959291172,-2000
-31.836577632316935,53.538708129565826,-1.3319135383175,-0.84322713779311775,0.038255992492970195,-0.026951199588556195,8195.9560467175743,299.80000000000018,26407.734149015865,-2000
-31.970080720824438,53.456168141332185,-1.3395920824946868,-0.798651610996162,0.035444891021992372,-0.029850780329042807,8195.0413916271555,299.75000000000023,25606.343503300293,-2000
-32.10431923726064,53.377836405604,-1.3464517994147607,-0.76030882724544213,0.032343822938524405,-0.032750573301194706,8194.1544934063495,299.70000000000027,24921.176987290473,-2000
-32.239211632061881,53.303125926450072,-1.3525011315979765,-0.72729188591174576,0.028952767258133463,-0.035650572715377242,8193.2913265302341,299.65000000000032,24334.981880421088,-2000
-32.374676889107654,53.231534998678477,-1.3577406919206905,-0.69882887939460347,0.025271703540667247,-0.038550773622531946,8192.4484630370443,299.60000000000036,23833.058678315912,-2000
-32.510633779762095,53.162634503209794,-1.3621642044534978,-0.6742630261451803,0.021300611811339434,-0.041451171789514379,8191.6229840952565,299.55000000000041,23402.884585935488,-2000
-32.647000208189681,53.096057071701331,-1.3657593717747716,-0.65303573989981978,0.017039472493521411,-0.044351763592855011,8190.8124046113744,299.50000000000045,23033.79279302913,-2000
-32.783692640453573,53.031487844203042,-1.3685086659168082,-0.63467220004949965,0.01248826635150972,-0.047252545928233788,8190.0146089462532,299.4500000000005,22716.699203726104,-2000
-32.9206256097454,52.968656584539531,-1.3703900430930027,-0.61876905292745177,0.0076469744417931541,-0.050153516133358708,8189.2277960963884,299.40000000000055,22443.869546647762,-2000
-33.057711290197091,52.907330952929016,-1.3713775844407983,-0.60498392893499886,0.0025155780715603207,-0.05305467192227907,8188.4504329415768,299.35000000000059,22208.720855308711,-2000
-33.19485913200775,52.847310764983234,-1.3714420664129718,-0.59302650730818107,-0.0029059412366264914,-0.055956011329454255,8187.6812143684356,299.30000000000064,22005.652210305969,-2000
-33.331975551019973,52.788423091457318,-1.3705514653290449,-0.58265090019792187,-0.0086176017749076544,-0.058857532662145703,8186.9190292563553,299.25000000000068,21829.900399734623,-2000
-33.468963666352501,52.730518074594841,-1.3686714010920409,-0.57364916164965485,-0.014619421675734658,-0.061759234459910578,8186.1629314627589,299.20000000000073,21677.416803388063,-2000
-33.605723080207149,52.67346535520074,-1.3657655252868433,-0.56584575592065134,-0.020911418933677858,-0.064661115460154683,8185.4121150725905,299.15000000000077,21544.762357313208,-2000
-33.742149694491147,52.617151020148924,-1.3617958588850634,-0.55909284412568183,-0.027493611424002782,-0.067563174568855411,8184.6658932857918,299.10000000000082,21429.017923161675,-2000
-33.878135559414424,52.561474993296159,-1.3567230846491625,-0.55326626910027699,-0.034366016918500601,-0.070465410835695408,8183.9236804092343,299.05000000000086,21327.70778415832,-2000
-34.013568749722609,52.506348804073518,-1.3505067991026929,-0.54826213616447805,-0.041528653098987324,-0.073367823432959334,8183.1849764984145,299.00000000000091,21238.734327100839,-2000
-34.148333264702437,52.451693677651733,-1.3431057286495804,-0.54399390262461012,-0.04898153756882493,-0.076270411637640145,8182.4493542615073,298.95000000000095,21160.322256662494,-2000
-34.282308948542827,52.397438898776926,-1.334477914110191,-0.54038990176216029,-0.056724687862766146,-0.079173174816282499,8181.716447895601,298.900000000001,21090.970932052973,-1672.6736306515904
-34.415371434370066,52.343520407893656,-1.3245814972260384,-0.53739124126041848,-0.064739117510650562,-0.081601007789630947,8180.9859435737962,298.85818315923473,21029.428975269282,-1213.7357736136983
-34.54739233698546,52.28987960921669,-1.313380091671732,-0.53494955266781852,-0.07296968958712817,-0.083362810771892878,8180.2575708117774,298.82783976489435,20974.643970775945,-808.25634291579354
-34.678240002036446,52.236462402367081,-1.3008468997216449,-0.53302491137653685,-0.081352901952869455,-0.084536106451266996,8179.5310955765535,298.80763335632139,20925.734282261968,-451.1633607998856
-34.807780487214515,52.183218406574255,-1.2869646606781726,-0.53158417058826191,-0.089832710832844345,-0.085191069732793862,8178.8063143713953,298.79635427230141,20881.964423690351,-137.82239906322229
-34.935878467153287,52.130100336918524,-1.2717244577785594,-0.53059961638566233,-0.098359821353488988,-0.085391160652144235,8178.0830491737697,298.79290871232485,20842.715591264488,135.99909929765181
-35.062398024142645,52.077063505403743,-1.2551246483511191,-0.5300478472884228,-0.10689103931203608,-0.085193705783831244,8177.3611433939641,298.78950873484229,20807.44988926284,374.16469990589667
-35.187203336650732,52.024065423626645,-1.2371699149511881,-0.52990895402251093,-0.11538867917528019,-0.084650431807961043,8176.6404590727552,298.78015461734464,20775.705755313418,580.19923797490083
-35.310159277083685,51.971065480911363,-1.2178704172374393,-0.53016585391186821,-0.12382002368616585,-0.083807955551722699,8175.9208742375358,298.76564963639538,20747.090929616334,757.31671024001844
-35.431131928331688,51.918024684394524,-1.1972410284933575,-0.53080370990016601,-0.13215683089087374,-0.082708234319465834,8175.2022805019624,298.7467167186395,20721.25795119079,908.44601547813818
-35.549989027455197,51.864905451367939,-1.1753006594044886,-0.5318095127019542,-0.14037488471032225,-0.081388978987545407,8174.4845815143117,298.72400556825255,20697.894325033121,1036.2546501887546
-35.666600344828836,51.811671439430178,-1.1520716573534973,-0.53317176183661363,-0.14845358544785925,-0.079884032767390908,8173.7676917463932,298.69809920199771,20676.714798399335,1143.1705125009603
-35.780838006003385,51.758287405323607,-1.1275792741002351,-0.53488022641064703,-0.15637557690973228,-0.078223718380785262,8173.0515355500029,298.66951993918519,20657.455343657439,1231.4019615626421
-35.892576762856542,51.704719085121113,-1.1018511952740278,-0.53692576967982042,-0.16412640708074613,-0.076435156176943131,8172.3360464217603,298.63873489014622,20639.86850983807,1302.9562683472659
-36.001694219966403,51.650933089914396,-1.0749171256066088,-0.53930022416882162,-0.17169421954256545,-0.074542555523212414,8171.6211664289676,298.60616098343741,20623.719861115525,1359.6565833660816
-36.108071021553734,51.596896812383775,-1.0468084243026916,-0.54199630648978503,-0.17906947304800239,-0.072567481618781668,8170.9068457588228,298.57216956885338,20608.785268763746,1403.1575371304216
-36.211591003797331,51.542578340634698,-1.0173638807029026,-0.54397041603726337,-0.18624468687283594,-0.07052909971246217,8170.1883832932535,298.53709063042515,20574.38207864976,1434.9595803066741
-36.311941816327916,51.488996030055077,-0.98093285251153817,-0.51567590650026285,-0.19321420961665919,-0.06844439098566725,8169.3329167224374,298.50121664091745,19936.359382858478,1456.4214772098285
-36.408490068340448,51.438795479108435,-0.94565687311079782,-0.49967893738465086,-0.1999740083326004,-0.066328353211623933,8168.5317780935065,298.46480610398714,19534.548827574316,1468.7720390241657
-36.501565449649775,51.389651227471326,-0.91040722640581995,-0.48993491844250908,-0.20652148016269103,-0.064194237717745961,8167.757775835621,298.42808680301147,19249.910579224957,1473.125799477868
-36.591359851194653,51.34008921565097,-0.87181124331547266,-0.47043800543288061,-0.21285528227313558,-0.062053673013474607,8166.9386562935188,298.39125865802458,18764.709811514153,1470.4890394067825
-36.677289759422067,51.292320531658333,-0.84035384037385497,-0.48859718080963555,-0.21897517556220075,-0.059916800128560904,8166.2887240709188,298.3544964320393,19021.662001317291,1461.7672784365045
-36.760021295665254,51.242807230661207,-0.79852582008208095,-0.46515955817382909,-0.22488188402574361,-0.057792488665620097,8165.4496584808294,298.31795225007852,18443.69586558632,1447.7805006781173
-36.838576452549574,51.195453544777081,-0.76592863860764293,-0.48613858338237292,-0.23057696874157418,-0.055688363041208062,8164.810844858489,298.28175773756158,18745.044119673654,1429.2617359559517
-36.913818227258062,51.146086896336087,-0.72238443350505632,-0.46485724212275104,-0.23606271312229288,-0.053611043058472238,8163.9794439912303,298.24602619416254,18194.708085147755,1406.8752689312882
-36.984714913641675,51.098673401765318,-0.68869307631276011,-0.48808576463257858,-0.24134202153722328,-0.05156612484550839,8163.3492542795793,298.21085431243915,18528.702233124186,1381.2118822124544
-37.051986756840989,51.049839596768102,-0.6435769885802578,-0.46856109173932459,-0.24641832607788486,-0.049558399675254446,8162.5238479654818,298.1763240153839,17997.26332056876,1352.805753109446
-37.114960739873041,51.001982198232625,-0.60884963372893308,-0.49362592568378355,-0.25129550453966221,-0.047591842139483226,8161.9004969268472,298.14250387155624,18355.063597435739,1322.1309287433578
-37.173987634663597,50.953342902009588,-0.56226622389909808,-0.47557538250487019,-0.25597780688336202,-0.045669767392428132,8161.0799019142023,298.10945059833756,17835.836577723097,1289.6132718193935
-37.228791367087176,50.904722331162148,-0.5265714742086115,-0.5021820193684845,-0.26046978785425778,-0.043794854423449416,8160.4621420327367,298.07721026654207,18210.754779492807,1255.6305337381818
-37.279103155381499,50.85680492919164,-0.47866568883298,-0.48539434487541583,-0.26477624945608513,-0.041969234578044544,8159.6455456303192,298.04581950319857,17698.211691438126,1220.5185957065632
-37.325284035287581,50.807976923653129,-0.43074269966663897,-0.47193343081029432,-0.26890218707842994,-0.040194565934639902,8158.8431511322979,298.01530653830582,17242.045631849229,1184.57654647049
-37.366915533514231,50.759523114029136,-0.39456952929872269,-0.50347251751674971,-0.2728527438401947,-0.038472053518769957,8158.2459577223126,297.985692124644,17693.281398763465,1148.0671318951381
-37.403945120277314,50.711354821213384,-0.34535564544283093,-0.49037993554138004,-0.2766331690759144,-0.036802529253973613,8157.4436998363071,297.95699044634659,17223.591807305034,1111.2227051350578
-37.436519670297017,50.662720422568533,-0.29623528677610433,-0.4803151671439011,-0.28024878138245135,-0.035186491053845886,8156.6544564398719,297.9292098787181,16803.226343383027,1074.2476363196706
-37.464432660014708,50.61413221655657,-0.2472055685865647,-0.47296028874223461,-0.28370493691172149,-0.033624132296406505,8155.8768608253831,297.90235368780998,16425.431387802673,1037.3200140282308
-37.487705630678917,50.565309026329899,-0.19823839188880282,-0.46804797068553211,-0.28700700107791172,-0.032115391889074182,8155.1097334192564,297.87642068745924,16084.416875042309,1000.5953023540285
-37.506095988041821,50.516869884384427,-0.14933834820106556,-0.46533859161792646,-0.29016032422508309,-0.03065997779762988,8154.3520550831108,297.85140580490037,15774.817231153876,964.20772853918288
-37.519609006167236,50.468604291428633,-0.11374583768201782,-0.50865240036932802,-0.29317021967202295,-0.029257407153309486,8153.8056804187972,297.82730061168678,16410.099771820496,928.27323395854296
-37.528450983152091,50.419638802715077,-0.063356123393811914,-0.50423415545508032,-0.29604194601408368,-0.027907031391790044,8153.0389778318686,297.80409378083789,16037.934574008208,892.89120568361477
-37.532250440965214,50.371041299161298,-0.013177586877813882,-0.50218507464307138,-0.2987806904338397,-0.026608047824813793,8152.2825874600121,297.78177150069581,15698.308787566262,858.14501724843331
-37.531028178066123,50.32258109391482,0.036815949101323735,-0.50230113730839987,-0.30139155544045787,-0.025359538649082011,8151.5356076783328,297.76031787526449,15854.737576964699,824.1051416311177
-37.524776245454362,50.274131313238414,0.087522189537961786,-0.50159822627741479,-0.30387954764144326,-0.024160482792072877,8150.7842934577266,297.73971524672362,16152.396395301239,790.82988052985706
-37.513416265040824,50.225799480429352,0.13919245957608128,-0.49922582705025392,-0.30624956808714571,-0.023009773138146436,8150.0247314972157,297.71994449971032,16409.207435350003,758.36662504755077
-37.497124979276947,50.176887090505879,0.19175796882704843,-0.49543218402445127,-0.30850640454242639,-0.021906236630820388,8149.2580536357736,297.70098533408401,16629.997726431855,726.75343304662738
-37.475545492790474,50.128395483524699,0.24511715538178852,-0.49042336416753746,-0.31065472483491635,-0.02084863787305876,8148.4852579616499,297.68281649825781,16818.245010588755,696.01915362277964
-37.448872055881566,50.07959482170957,0.29921244893824761,-0.48439637682247322,-0.31269907190472562,-0.019835705994646933,8147.7072461993657,297.66541601941725,16977.980733412995,666.18569665999348
-37.417034712504552,50.030591904340568,0.35397377628691629,-0.47751762374530482,-0.3146438601329189,-0.018866134773319942,8146.9248083673201,297.64876137700071,17112.410047313238,637.26793358636223
-37.379970615306661,49.981475176216385,0.4093369631640007,-0.46993416035789032,-0.31649337241608655,-0.01793859621914649,8146.1386456732898,297.63282967866104,17224.435406881104,609.27483220578119
-37.337349758138089,49.933147521178299,0.45156185259226639,-0.50330382413711638,-0.31825175838406788,-0.017051746508417748,8145.5420622089323,297.61759780785582,18048.746647226639,582.20993727963423
-37.289354091198341,49.884950201607225,0.50931855909559054,-0.49028838959744375,-0.31992303326761329,-0.016204241527740939,8144.7299548417986,297.60304255942373,18047.578213445599,556.07273552508389
-37.236101099321345,49.836438493734462,0.56739058387842423,-0.47737243701009985,-0.32151107768916409,-0.01539473677438535,8143.9178798504499,297.58914074103558,18038.919521406675,530.85864036960504
-37.177568035648179,49.787602434965635,0.61228195784767092,-0.50485507915401961,-0.32301963791186977,-0.014621892804669466,8143.2930860126762,297.57586927502643,18739.007513191311,638.65627943074742
-37.113417669436721,49.739361468100071,0.67225081916748286,-0.48796544721994978,-0.32444463420721992,-0.013692056032992769,8142.461852411956,297.55990286804064,18643.890670667181,954.64059439910307
-37.044056835261586,49.690428388808961,0.73231342308756753,-0.47172511803487055,-0.3257582418988279,-0.012302089973556536,8141.6332543756107,297.53603685318069,18552.018576580056,1228.322210530084
-36.968956980747855,49.642303365346798,0.77905923656757647,-0.49554744730394229,-0.32691690916437049,-0.010513528112557624,8140.9906889009335,297.50532879791734,19168.05409541486,1389.6253857152974
-36.888590752298576,49.593518770459966,0.84059586924467811,-0.47630113092444898,-0.32788732104489937,-0.0084899746591216366,8140.1475669757338,297.47058816327439,19007.949970149697,1608.2533826574083
-36.802604882187794,49.545068731652712,0.8887755153497201,-0.49680522396443094,-0.32864263703588509,-0.0061479125586054919,8139.4892099163781,297.43038182870805,19553.320201483013,1719.6385924836432
-36.710965019929226,49.497005815949265,0.95137877042713137,-0.47533653568999157,-0.3291572527411355,-0.0036434857511098875,8138.6354127669247,297.38739086389586,19339.211318435639,1891.4152022331189
-36.613860293401395,49.448749293626356,1.0005586717541894,-0.49340940274832518,-0.32941141195505524,-0.00088872125675769668,8137.9655821795168,297.34010548383992,19829.848008012988,1960.2975617270531
-36.511529820658467,49.399581912328848,1.0638388453135739,-0.47030721931874453,-0.32938607544875642,0.0019665346346657126,8137.1041228030972,297.29109804479663,19573.028556276517,2000
-36.403154373739909,49.351898437766536,1.1136202000519118,-0.4866215394904832,-0.32907289208800777,0.0048798147742026739,8136.4261937500842,297.24109804479667,20021.197129406144,2000
-36.289757286995744,49.302718049567723,1.1644803129035608,-0.49956980042548854,-0.32846837414368629,0.0077932598554698923,8135.7327419845014,297.19109804479672,20404.044558304457,2000
-36.170489333296935,49.254559843699042,1.2287042069573999,-0.47293288998942457,-0.32757250452522624,0.010706896192112968,8134.8553723661907,297.14109804479676,20064.297619827077,2000
-36.04558886049049,49.206765229233334,1.2794214843907414,-0.48545252821298057,-0.3263852634183888,0.013620716867220143,8134.1604277772276,297.09109804479681,20428.816949562741,2000
-35.915587240612567,49.157830189751095,1.3308647436192813,-0.49518046712930852,-0.32490663352421667,0.016534706109366498,8133.4528577407846,297.04109804479685,20738.230607818896,2000
-35.780419481463099,49.108018168166964,1.395000384371927,-0.46625288623125022,-0.32313659787513971,0.019448866604591369,8132.5662282603544,296.9910980447969,20339.020866624774,2000
-35.63888916875861,49.060983998980156,1.4456961461229603,-0.47645249282762753,-0.32107513777894081,0.022363236423020377,8131.8617683901966,296.94109804479695,20646.959889731326,2000
-35.492271486817714,49.013026504081672,1.4968267761673972,-0.48423301397673463,-0.31872223389648874,0.025277776835331958,8131.1466427812293,296.89109804479699,20906.560634323581,2000
-35.340529930322234,48.96437386074237,1.548217630419934,-0.489937779486806,-0.31607786907467361,0.028192490109427024,8130.4225256722266,296.84109804479704,21123.996880833616,2000
-35.183644824950491,48.915221731095038,1.5997099339730205,-0.49386469362885721,-0.31314202594823942,0.031107378156695814,8129.6908774676485,296.79109804479708,21304.655500506989,2000
-35.021611813800277,48.865737566615159,1.6511589407878031,-0.49627218449360844,-0.30991468697356706,0.034022442577501984,8128.9529719929415,296.74109804479713,21453.237081827825,2000
-34.854440519682207,48.816064348352391,1.7024322985888696,-0.49738438658495837,-0.30639583445814617,0.036937684700872372,8128.2099202645322,296.69109804479717,21573.843645424222,2000
-34.682153363603682,48.766323835584103,1.7534085977637941,-0.49739565671605479,-0.30258545058628661,0.039853105619133494,8127.4626912217509,296.64109804479722,21670.055194386357,2000
-34.504784521798996,48.716619386107261,1.803976085199898,-0.49647450949825578,-0.29848351744154661,0.042768706218140717,8126.7121298073807,296.59109804479726,21744.996578211416,2000
-34.322379005494774,48.66703840322139,1.8540315258509577,-0.49476704706998642,-0.29409001702629695,0.045684487203664151,8125.9589727322937,296.54109804479731,21801.395929719238,2000
-34.134991849255584,48.617654457387616,1.9034791964727409,-0.49239994780984581,-0.28940493127878231,0.048600449124423836,8125.2038622160781,296.49109804479735,21841.635754357714,2000
-33.942687395252364,48.568529124412841,1.9522299974395083,-0.48948307030900501,-0.28442824208800094,0.051516592392204755,8124.4473579581581,296.4410980447974,21867.797602005448,2000
-33.745538662152569,48.519713576672274,2.0002006698837342,-0.48611172159938082,-0.27915993130667677,0.054432917299428271,8123.6899475616401,296.39109804479745,21881.701126326552,2000
-33.543626788558946,48.471249959235045,2.0473131066098254,-0.48236863235320904,-0.2735999807625647,0.05734942403450892,8122.9320556043349,296.34109804479749,21884.938231087926,1996.9474859150032
-33.337040541978048,48.423172578679598,2.0934937521405148,-0.47832567836487694,-0.26774855033088019,0.060261661071811759,8122.1740515270603,296.29117435764954,21878.903093965124,1892.3758061039671
-33.125875881330529,48.375508927497108,2.1386733120316608,-0.47404545479202259,-0.26161198929877233,0.063021568507881404,8121.4162564820635,296.24386496249684,21864.82427255885,1789.0939944184302
-32.910235492754751,48.328280546296632,2.1827878944258412,-0.4695829521445033,-0.25520545615789469,0.06563100808062311,8120.6589490694269,296.19913761263632,21843.7887902191,1686.9962625299704
-32.690228223943102,48.281503733424088,2.2257792944105392,-0.46498673265800783,-0.24854392938215109,0.068091687627810329,8119.9023702392169,296.15696270607316,21816.768252028342,1586.0145846708565
-32.465968529864831,48.235190155956182,2.2675946328718064,-0.46029972467098856,-0.24164222061529481,0.070405216147689631,8119.1467272891005,296.11731234145651,21784.632249772319,1486.1123367268738
-32.237575953402064,48.189347385504625,2.3081860254494848,-0.45555991097015874,-0.2345149827230501,0.072573149594906891,8118.3921973976767,296.08015953303834,21748.160021885731,1387.2787693869959
-32.005174638019859,48.143979368868578,2.3475102783006152,-0.4508009252238514,-0.22717671358768668,0.074597028625266751,8117.6389307539348,296.04547756380356,21708.050597790181,1289.524215241544
-31.768892869907674,48.099086842234712,2.3855286077039888,-0.44605256879370192,-0.21964175640744377,0.076478409357290528,8116.8870533353602,296.01323945842239,21664.931626298083,1192.8759410494467
-31.528862647313794,48.054667696458459,2.4222063808581975,-0.44134125862907025,-0.21192429716156902,0.078218888089457303,8116.1366693802775,295.98341755989622,21619.367062137448,1097.3745666326404
-31.285219275046821,48.010717299945107,2.4575128755311089,-0.4366904155687894,-0.20403835981241725,0.079820120797812186,8115.3878635939345,295.95598319573043,21571.863862461196,1003.0709810582412
-31.038100982341263,47.967228784764764,2.4914210565055321,-0.43212080117124724,-0.19599779973761811,0.08128383813780006,8114.640703122679,295.93090642120387,21522.877825892028,910.02369500124678
-30.787648562479131,47.92419330086544,2.523907367030902,-0.42765081014175688,-0.18781629581649004,0.082611856585323509,8113.8952393258678,295.90815582882897,21472.818689778738,818.29657551351102
-30.534005032728974,47.881600242578337,2.5549515337321083,-0.42329672450510264,-0.17950734153450781,0.083806086273820871,8113.1515093712478,295.88769841444105,21422.054586551516,727.95691592937783
-30.277315313309906,47.839437451026932,2.5845363836434596,-0.41907293486389602,-0.17108423541669787,0.084868536015413998,8112.4095376759778,295.86949949154274,21370.915947073627,639.0737993884859
-30.017725924213781,47.797691395545797,2.6126476722281504,-0.41499213337545343,-0.16256007105444978,0.085801315933785344,8111.6693372124491,295.85352264655796,21319.698927461202,551.71671952187444
-29.755384698825914,47.7563473367764,2.6392739214121401,-0.41106548245903929,-0.15394772694958547,0.086606638083418633,8110.9309106954215,295.83972972856998,21268.668425785821,465.9544262969921
-29.490440513375908,47.715389473728003,2.6644062668071942,-0.40730276270099391,-0.14525985636392599,0.087286815383278885,8110.1942516646905,295.8280808679126,21218.060746221974,381.85396891601249
-29.223043031327812,47.674801076763913,2.6880383134224166,-0.40371250294843397,-0.13650887733142611,0.087844259152117021,8109.4593454754358,295.81853451868966,21168.08596041445,299.47991107019243
-28.953342461884631,47.63456460819107,2.7101659992686025,-0.40030209516502507,-0.12770696296266304,0.088281475496648248,8108.7261702068254,295.81104752091278,21118.930008999447,218.89369682762481
-28.68148933183824,47.59466183188804,2.7307874663469813,-0.39707789625791201,-0.11886603214760721,0.088601060772240933,8107.9946974978084,295.80557517849201,21070.756580212346,140.15314802522516
-28.407634270043818,47.555073913198399,2.7499029385852949,-0.39404531876721771,-0.1099977407417523,0.088805696307911519,8107.2648933178534,295.80207134979133,21023.708797264346,63.312076294457256
-28.131927803839229,47.515781510138368,2.7675146063415577,-0.39120891203324659,-0.10111347330248406,0.088898142562862159,8106.5367186792282,295.80048854788402,20977.910741587039,-11.58000518154131
-27.854520166760118,47.476764856875803,2.7836265174300019,-0.38857243220987697,-0.092224335426718748,0.088881232859797904,8105.8101302965288,295.8001990477544,20933.467822537757,-84.478081732132523
-27.575561116908403,47.438003840608438,2.7982444745054158,-0.38613889886985647,-0.0833411467274906,0.088757866803926569,8105.0850812334029,295.79808709571097,20890.464726339953,-155.34175842762215
-27.295199765432468,47.399478072181772,2.8113759345073888,-0.383910686267112,-0.074474434477606835,0.08853100348930866,8104.3615216203234,295.79420355175017,20848.976497813397,-224.13533445833127
-27.013584414739817,47.36116694888954,2.8230299184084244,-0.38188955899744859,-0.065634427935160999,0.088203654643325441,8103.6393989885182,295.7886001683886,20809.063994925036,-290.82779784944341
-26.730862405576751,47.323049713444178,2.8332169240980685,-0.38007672251668712,-0.056831053353646389,0.087778877790462242,8102.9186587613385,295.78132947344244,20770.774876411753,-355.39278723803363
-26.447179972623324,47.285105508050805,2.8419488442041887,-0.37847286979536976,-0.048073929673535964,0.087259769469966331,8102.1992447114435,295.7724446537614,20734.144520610615,-417.80851377996441
-26.162682108118808,47.24731342395107,2.8492388886235416,-0.37707822460918555,-0.039372364887610818,0.086649458565655216,8101.4810993861302,295.76199944091684,20699.196883928522,-478.05764974941576
-25.877512433055713,47.20965254675621,2.8551015115365588,-0.37589258188382252,-0.030735353066873659,0.085951099796582955,8100.7641645029407,295.75004799967303,20665.945306033893,-536.12718968897389
-25.59181307550287,47.172101997849701,2.8595523426823779,-0.37491534544520344,-0.022171572029354623,0.085167867408731876,8100.0483813173851,295.73664481993092,20634.39326771782,-592.00828933752928
-25.305724555640381,47.134640972107086,2.8626081226701907,-0.37414556346924305,-0.013689381630405575,0.084302949100272667,8099.3336909644195,295.72184461269757,20604.535106422365,-645.6960869966415
-25.019385677111732,47.097248772153002,2.8642866421025119,-0.37358196187780124,-0.0052968226500958821,0.0833595402061372,8098.6200347751192,295.70570221052265,20576.356693642763,-697.18951148430824
-24.732933424320869,47.059904839352306,2.8646066842854401,-0.37322297588799647,0.0029983837490089749,0.082340838161594626,8097.9073545699221,295.6882724727356,20549.836077754408,-746.49108036166399
-24.446502865324312,47.02258878171299,2.863587971300765,-0.37306677988926634,0.011188836022158857,0.081250037259141386,8097.1955929295718,295.66961019572659,20524.94409527423,-793.60669169595076
-24.16022705999125,46.985280398862002,2.8612511132150664,-0.37311131579543405,0.019267451730533642,0.080090323708251282,8096.4846934449242,295.6497700284342,20501.644953120969,-838.54541223834894
-23.874236973126639,46.947959704241441,2.8576175602019793,-0.37335431999662794,0.027227466547660902,0.078864871003327813,8095.7746009465491,295.62880639312823,20479.896784073451,-881.31926454301538
-23.588661392274901,46.910606944660778,2.8527095573556993,-0.37379334901739036,0.035062432815022714,0.077576835601508951,8095.0652617151281,295.60677341151461,20459.652177327211,-921.94301523071408
-23.303626849943729,46.873202617330833,2.8465501019765833,-0.37442580397200836,0.042766217677774165,0.076229352908754364,8094.3566236734632,295.58372483613397,20440.858685804746,-960.43396630444386
-23.019257550009428,46.835727484496516,2.8391629031134604,-0.37524895389540203,0.050333000831227319,0.074825533569855496,8093.6486365608989,295.55971398697636,20423.459311673883,-996.8117511525279
-22.735675298086402,46.79816258577798,2.8305723431519643,-0.37625995801731682,0.057757271908222954,0.073368460055615412,8092.9412520909564,295.53479369319746,20407.392971362962,-1031.0981366250171
-22.452999435664406,46.760489248323594,2.8208034412437946,-0.37745588703865907,0.065033827536755656,0.071861183538417139,8092.2344240928369,295.50901623978177,20392.594941223797,-1063.3168323407654
-22.171346777837346,46.722689094872301,2.8098818183782925,-0.37883374346123722,0.072157768096272015,0.070306721045702167,8091.5281086375007,295.48243331897339,20378.997284877696,-1093.4933081728223
-21.890831554466978,46.684744049818249,2.7978336639049659,-0.38039048101563994,0.079124494199958442,0.06870805287949186,8090.8222641489483,295.45509598626893,20366.529263180728,-1121.654620668759
-21.611565354643744,46.646636343366275,2.7846857033235994,-0.38212302322625691,0.085929702929103374,0.067068120288972619,8090.1168515012905,295.42705462075219,20355.117727659035,-1147.8292489879532
-21.333657074324925,46.608348513863142,2.7704651671672211,-0.38402828114734699,0.09256938384428734,0.065389823382309697,8089.4118341021995,295.39835888952751,20344.687498188523,-1172.0469407796827
-21.057212867047394,46.569863408386276,2.7551997608123915,-0.38610317029943231,0.099039814796744827,0.063676019263228884,8088.7071779632761,295.369057716008,20335.161725625185,-1194.3385682823991
-20.782336097628495,46.531164181668906,2.7389176350609672,-0.3883446268310316,0.10533755756177998,0.06192952037748993,8088.0028517578576,295.33919925180101,20326.462240028763,-1214.7359947956365
-20.509127298783618,46.49223429343823,2.7216473573475835,-0.3907496229267613,0.11145945331462116,0.060153093054147913,8087.2988268667741,295.30883085193125,20318.509885063741,-1233.2719515600465
-20.237684130603384,46.453057504241272,2.7034178834375271,-0.39331518147906591,0.11740261796758672,0.058349456226441082,8086.5950774124958,295.27799905314225,20311.224839105831,-1249.9799249778466
-19.968101342846307,46.413617869831555,2.6842585294903327,-0.39603839003724844,0.12316443738592166,0.056521280317236744,8085.8915802821884,295.2467495550178,20304.526923528847,-1264.8940540146286
-19.700470740014921,46.373899734188313,2.6641989443753054,-0.39891641404403794,0.12874256249816754,0.054671186274193879,8085.188315140078,295.21512720366729,20298.335898595818,-1278.0490375429736
-19.434881149194243,46.333887721239435,2.6432690821361655,-0.40194650936663262,0.13413490431545771,0.052801744740145699,8084.4852644295561,295.18317597772864,20292.571747329341,-1289.4800513182377
-19.17141839064141,46.293566725358303,2.6214991745130396,-0.40512603412600334,0.13933962887269732,0.050915475344652836,8083.7824133654813,295.15093897644562,20287.154947689174,-1299.222674216644
-18.910165251123868,46.252921900704827,2.5989197034410911,-0.40845245982522732,0.14435515210320474,0.04901484610321389,8083.0797499170258,295.11845840959012,20282.006733340691,-1307.3128233140951
-18.651201460011304,46.211938649480786,2.5755613734560727,-0.41192338177476417,0.14918013465706467,0.047102272911231466,8082.3772647815003,295.08577558900726,20277.049343255261,-1313.7866973413702
-18.394603668132959,46.170602609170011,2.5514550839479884,-0.41553652880989816,0.15381347667217898,0.045180119120506762,8081.6749513495388,295.05293092157359,20272.206260344836,-1318.6807280158423
-18.140445429417436,46.128899638834497,2.5266319012148144,-0.41928977229306513,0.1582543125058076,0.043250695186762493,8080.9728056620152,295.01996390337325,20267.40243929602,-1322.0315387218247
-17.888797185336493,46.086815804538297,2.5011230302787815,-0.42318113439148319,0.16250200543327423,0.041316258377462375,8080.2708263590575,294.98691311490518,20262.564523736317,-1323.875909990129
-17.63972625217766,46.044337363972204,2.4749597864380659,-0.42720879561842756,0.16655614231946816,0.039379012529995379,8079.5690146215584,294.95381621715552,20257.621052835759,-1324.2507512120274
-17.393296811172853,46.001450750353349,2.4481735665367772,-0.43137110162465003,0.17041652826781484,0.037441107851116186,8078.8673741055181,294.92070994837519,20252.50265742145,-1323.1930780131227
-17.149569901511398,45.958142555675437,2.4207958199458846,-0.43566656922485741,0.17408318125050995,0.035504640749370819,8078.165910869604,294.88763012142499,20247.14224566138,-1320.7399947079803
-16.908603416266377,45.91439951338652,2.3928580192571216,-0.44009389164284984,0.17755632672301852,0.033571653693081349,8077.4646332962648,294.8546116215573,20241.475178356421,-1316.9286812566024
-16.670452101262498,45.870208480573567,2.3643916307008994,-0.44465194295788391,0.18083639222513129,0.031644135087308331,8076.7635520067843,294.82168840452601,20235.439433866857,-1311.7963841483577
-16.435167556912351,45.825556419734021,2.3354280843078667,-0.44933978173408406,0.18392400197024711,0.029724019164048446,8076.0626797706182,294.78889349492221,20228.97576269101,-1305.3804106474583
-16.202798243045596,45.780430380217091,2.3059987438418821,-0.45415665381428394,0.18681997142400766,0.027813185880751386,8075.3620314093878,294.75625898465609,20222.027831709704,-1297.7181258461387
-15.973389486752493,45.734817479419,2.2761348765398264,-0.45910199425953679,0.18952530187295241,0.025913460823049371,8074.661623695858,294.72381603151007,20214.542358110019,-1288.8469519871264
-15.746983493259464,45.688704883818453,2.2458676227008221,-0.46417542841570386,0.19204117498348211,0.024026615108379844,8073.9614752482858,294.6915948577103,20206.469233006381,-1278.8043695353663
-15.523619359849718,45.64207978994019,2.2152279651740501,-0.46937677208899992,0.1943689473511184,0.022154365287942502,8073.2616064204985,294.65962474847203,20197.761634784554,-1267.6279194998478
-15.303333092836958,45.594929405336742,2.1842466988003948,-0.47470603081314988,0.19651014503981856,0.020298373245162111,8072.5620391880348,294.62793405048444,20188.376132205671,-1255.3552065299018
-15.086157627594318,45.547240929679624,2.1529543998686136,-0.48016339819188408,0.19846645811095234,0.018460246089524894,8071.8627970307007,294.59655017032105,20178.272777322185,-1242.0239023358531
-14.872122851634495,45.499001536053221,2.1213813956516252,-0.48574925330185986,0.20023973514145774,0.016641536045315347,8071.1639048119487,294.56549957276252,20167.415188274586,-1227.6717490110464
-14.661255630730283,45.450198352545826,2.0895577340927325,-0.49146415714273989,0.20183197773067285,0.01484374033540015,8070.4653886553406,294.53480777903735,20155.770622057218,-1212.3365618614937
-14.453579838057566,45.400818444233693,2.0575131537152505,-0.4973088481230723,0.20324533499537642,0.013068301060782968,8069.767275818519,294.50449936499069,20143.310037362869,-1196.0562313794694
-14.249275957401755,45.351620092998516,2.0172984104700049,-0.46471894416384185,0.20448209805266535,0.011316600392154061,8068.8971308157079,294.47459795920622,19373.106023536344,-1223.2531992263007
-14.048792037068429,45.30466973815971,1.9861177040883489,-0.47668551475204352,0.20554209282528338,0.0095249492334877929,8068.2261262553902,294.44401662922559,19473.066467390297,-1192.7772808624763
-13.851438863683486,45.256552739383672,1.9546252855586479,-0.48790068963603411,0.20642470413341144,0.0077778397696628594,8067.5516594772125,294.41419719720415,19554.997774811032,-1163.879881162286
-13.657245432362497,45.207338862216503,1.9228754983298737,-0.49849882007543217,0.20713429383804119,0.0060729642823017212,8066.874354936167,294.38510020017503,19621.457321845592,-1136.1929921833523
-13.466731997554175,45.159446556910567,1.8826428877290882,-0.46923813888225246,0.20767501430797319,0.0044085402278214838,8066.0186697954568,294.35669537537052,18898.735103666415,-1155.5704133052993
-13.279701292712444,45.1118949794012,1.8517915430524856,-0.4849330571992137,0.20804815260036541,0.0027156290202879178,8065.3640954890252,294.32780611503802,19057.79015536921,-1116.5282812906389
-13.095768174572433,45.062823056950457,1.8206337353731445,-0.49939825899699242,0.20825428414443925,0.0010798276131419589,8064.7040121710315,294.29989290800563,19189.312285339718,-1080.4656554327191
-12.91546804563032,45.014746826463657,1.7807795471491061,-0.47281780941019669,0.20829894526168619,-0.00050323707142817665,8063.8603012089507,294.27288126661978,18505.522852912716,-1093.9639986049126
-12.738601236380607,44.966715903053384,1.7505034105206174,-0.49154426306497995,0.20818450478817699,-0.0021061728504298211,8063.2193461545412,294.24553216665458,18713.444865572623,-1048.9610976886058
-12.564946979705461,44.917692550567743,1.7113054675092356,-0.46788027340641697,0.20791240514459441,-0.003643252246031277,8062.3888208616409,294.2193081392125,18077.746844916957,-1055.9109214790656
-12.394997208783037,44.870024117381384,1.6817972672447064,-0.48988655268616249,0.20748618612141198,-0.0051906128774528203,8061.762682205379,294.19291036617551,18342.988577074844,-1004.8519802688061
-12.228186874783002,44.821065120184244,1.6432323758135623,-0.46846309732012026,0.20690822094213127,-0.0066632294835872923,8060.9424217758915,294.16778906666877,17742.035563179244,-1007.4453219927746
-12.065016771995294,44.773236303807643,1.6144232475285558,-0.49302028025637379,0.2061828382272857,-0.0081397383028765039,8060.3279107750332,294.14260293361906,18050.408058104647,-952.41538810300358
-11.905092782226953,44.724721393541003,1.5764883801835716,-0.47333528353334309,0.20531302780622662,-0.0095356732071930055,8059.5157573723591,294.11879254891659,17474.267191909541,-952.20508978882799
-11.748570858607446,44.676324893619899,1.5483422018671107,-0.49990262346006825,0.20430363270074012,-0.010931381452167394,8058.9105207644698,294.09498742167187,17815.240920313645,-894.70606906817136
-11.595404001643075,44.627911260497548,1.5110566937608807,-0.48158188620629833,0.20315803513890951,-0.0122428856413772,8058.1048835382571,294.07261976994505,17256.571022728102,-892.71601134328739
-11.445399515417446,44.57862567918076,1.474728631605926,-0.46666410969907374,0.20188140072356311,-0.013551544515630865,8057.3147263305236,294.05030186966144,16760.595073412776,-882.90303060698807
-11.298989480809826,44.530679765784079,1.4481939125446772,-0.4986430348519752,0.20047447257029591,-0.014845899165317034,8056.7342083839321,294.02822929389629,17198.101533968598,-817.3924346894803
-11.155779048693281,44.482265894006638,1.4123932613710946,-0.48397508041744475,0.1989419480461459,-0.016044281198989756,8055.9456712899173,294.00779448302899,16697.527328969602,-809.41392167043387
-11.015759723815707,44.433453156151067,1.3775217814053833,-0.47234264294375694,0.19729005045066958,-0.017231032733414919,8055.171004458065,293.98755913498718,16252.570806438622,-794.92079074791491
-10.87901480192817,44.384787400314131,1.3435110899964902,-0.463401285513931,0.19552032481119047,-0.018396602432959579,8054.4086667945103,293.9676861152185,15856.435167129852,-775.22976684372975
-10.745637626513613,44.336894794975088,1.3192086982215161,-0.50220299113327904,0.19363519433589912,-0.0195333682681012,8053.859465221225,293.94830537104752,16416.008251538413,-701.98126120374445
-10.615413275717424,44.288857100399596,1.2855697157023238,-0.49211400937648858,0.19164068137699694,-0.020562784108253528,8053.092598917985,293.93075583951742,15987.697815221272,-688.1504420050785
-10.488168008945474,44.239945632720925,1.25282864264907,-0.48460394106481314,0.18954403596981462,-0.021571972694924543,8052.3376005415794,293.91355207846715,15606.477245057811,-669.19108070286848
-10.364164365436052,44.191693459699295,1.2209009029571047,-0.47938661834187385,0.18734758151658293,-0.022553415442810334,8051.5931652928703,293.89682230144956,15266.407340808326,-646.41665604436548
-10.243141067602913,44.142920979928427,1.1900828816384308,-0.47788690632467007,0.18505431664525385,-0.023501509568659346,8050.8656507135311,293.88066188504837,14996.846669333492,-618.67802448436851
-10.125162737171843,44.094173524329925,1.1604425136902752,-0.48059417900165902,0.18266786761332379,-0.024408971647686878,8050.1572075879567,293.86519493443615,14807.893536981892,-586.3859992996413
-10.010115980111138,44.045053576245316,1.1318759330363786,-0.48697638517018627,0.1801925650287885,-0.025269116579026508,8049.4654585246444,293.85053528445354,14689.242945384769,-550.80719377551441
-9.8980352113399839,43.995974008509229,1.1042634886197242,-0.49651262985370004,0.17763333367750492,-0.026077118645928977,8048.788062288867,293.83676510460901,14630.511976665312,-513.20114035602865
-9.788807978718129,43.94654258108843,1.0775308821749039,-0.50880211648004214,0.17499550704199118,-0.026829996768317335,8048.123230452532,293.82393507610004,14623.960599549913,-474.36725992397987
-9.6824369714621312,43.897019892461564,1.0462004365119826,-0.49257950068756862,0.17228466982286958,-0.027525944005539434,8047.3321975775634,293.81207589460189,14033.450339294874,-465.06825410694273
-9.5788857515698087,43.847444727641808,1.0173717510446381,-0.48772115357806484,0.16950478198886801,-0.028208287210368915,8046.5920310644378,293.80044918824922,13669.558624789564,-442.06779069588902
-9.4780554575818989,43.797513457187414,0.99063217390904523,-0.49223484727006328,0.1666580082076331,-0.028856920356391029,8045.893827486495,293.78939749348177,13492.721161856329,-409.49624709684622
-9.3800020673805466,43.747837719999339,0.96559743287762145,-0.50434777749511106,0.16374828138615838,-0.029457796774730025,8045.2296538312412,293.77916008730438,13467.230987053375,-370.89138897617022
-9.2845744050658201,43.697799530264973,0.93924586187767245,-0.50575585359612862,0.16078073158761827,-0.030002056238084877,8044.518418217137,293.76988780257989,13219.736815074279,-343.93558134932937
-9.1917146325114718,43.647332133972121,0.91338728626426069,-0.50711140369745855,0.15776033693165234,-0.030506787507151818,8043.807342372017,293.76128941304614,12967.742069250315,-317.16417250870791
-9.1013716604631654,43.596424758506977,0.88926120679029586,-0.51627335067002611,0.1546910396095599,-0.030972256805193447,8043.1311877752414,293.75336030873342,12872.389065456808,-283.76643085965634
-9.0132998988150472,43.543818511185265,0.86847928659677409,-0.54392350460548944,0.15157715505196018,-0.03138873266656219,8042.5371470156888,293.74626614796199,13153.753655947827,-235.70300781392552
-8.9271999766870778,43.487863758567904,0.85021473242004519,-0.58534630503767482,0.1484244439021907,-0.031734682667945047,8042.0042871095447,293.74037357276677,13716.767505566033,-179.56705857525958
-8.8428460165115119,43.427332872431919,0.83383980954823589,-0.6368782305945363,0.1452404330036027,-0.031998250492783757,8041.5163569680117,293.73588439630225,14487.377941521754,-120.0552136419783
-8.7601239619796853,43.361711076616871,0.81736437257470629,-0.685216081537663,0.1420335590758946,-0.032174473836060487,8041.0145738954388,293.73288301596119,15193.370334209876,-68.88130234957589
-8.6790664277386291,43.29147941078147,0.80046846623261958,-0.72795564567035487,0.13881206726028864,-0.032275585465763111,8040.4883381556219,293.73116098340233,15785.39057258998,-26.981338574918027
-8.5997089900755981,43.217162096328565,0.78331314102693816,-0.76598724189868472,0.13558292441295383,-0.032315193321732681,8039.9415972743354,293.73048644993787,16281.601660972769,7.5419352075014103
-8.5220722663922501,43.139199966580051,0.76603089237112787,-0.80006007138788404,0.13235184795002838,-0.032304121493450591,8039.3776696857212,293.73029790155755,16697.321904612523,36.219614122541316
-8.4461645786869326,43.057963697650777,0.74873045039835839,-0.83080424193742675,0.12912356274289141,-0.032250947459472747,8038.7993432609601,293.72939241120434,17045.471539008082,60.282899172636007
-8.3719841691580523,42.973764974947493,0.73150079263256262,-0.85874934556638782,0.12590200817934435,-0.032162442085118079,8038.2089583675115,293.72788533872495,17336.951537782956,80.717957217476396
-8.2995210409791209,42.886865918461339,0.71441449528549561,-0.88434011539294488,0.12269050444432443,-0.032043929137775755,8037.6084778080331,293.72586738979464,17580.958265983325,98.311225478718825
-8.2287584862080507,42.797487040051145,0.69753052918497238,-0.90794964296637459,0.11949188550780586,-0.031899578334227831,8036.9995458609883,293.72340960915778,17785.250065726766,113.68676320430404
-8.1596743528504057,42.705813961408857,0.68089658806075337,-0.9298905349579133,0.11630860499995317,-0.031732643588801297,8036.3835380878418,293.72056744007779,17956.371941294638,127.33698338644581
-8.0922420948186851,42.612003085838104,0.6645510247750378,-0.95042433253761172,0.11314282006488932,-0.031545656175972492,8035.7616033580807,293.71738401549322,18099.845002344107,139.64788974524481
-8.0264316414261021,42.516186386704192,0.64852445963537519,-0.96976946528138264,0.1099964573791639,-0.031340580869025407,8035.1346993127054,293.71389281824946,18220.32623405991,150.9197616908973
-7.9622101170359292,42.418475449948644,0.63284111497539808,-0.98810796847876059,0.10687126477019583,-0.03111894173269255,8034.5036222939398,293.71011982420725,18321.743262473683,161.38407490869213
-7.8995424364112257,42.318964886613486,0.61751992161776781,-1.0055911567357827,0.10376885124840553,-0.030881923091898512,8033.8690326072292,293.70608522233454,18407.408035648936,171.21731409843778
-7.8383917970411465,42.217735213238704,0.60257543550560277,-1.0223444165774358,0.10069071775307029,-0.030630450235479539,8033.2314758457806,293.70180478948214,18480.112718639764,180.55222398730803
-7.778720086140777,42.114855282740891,0.58801859655884103,-1.0384712553707425,0.097638280488096751,-0.030365253612602078,8032.5914008937143,293.69729098388234,18542.210579668706,189.48695206233606
-7.720488217026948,42.010384335504284,0.57385735654001102,-1.0540567225144188,0.094612888374736817,-0.030086919614462779,8031.9491751276319,293.69255381008088,18595.684208917704,198.09245890147758
-7.6636564070722031,41.904373729541255,0.56009719826895854,-1.0691703008190347,0.091615835861069042,-0.029795930482525664,8031.3050972553883,293.68760149860833,18642.203045236605,206.41850721085848
-7.6081844073549645,41.796868399395244,0.54674156478985425,-1.0838683507920646,0.088648372092194408,-0.029492695428246781,8030.6594081623489,293.68244103592815,18683.171878198522,214.49848669965559
-7.5540316923893354,41.687908085701586,0.53379221396126131,-1.0981961776966711,0.085711707251684838,-0.02917757467210505,8030.0123000777585,293.67707857376075,18719.771733658978,222.35328702394008
-7.5011576168760268,41.577528370768718,0.52124951131929853,-1.112189780397993,0.082807016726492974,-0.028850897798480893,8029.3639243249963,293.67151974158503,18752.994332391092,229.99439374013946
-7.4495215452188175,41.46576155000794,0.50911267187543063,-1.1258773318339568,0.079935443618140103,-0.028512977566337781,8028.7143978783142,293.6657698817416,18783.671126925536,237.42635128273059
-7.3990829585580249,41.352637364366601,0.49737995968588222,-1.1392804331875506,0.077098100017454152,-0.028164120104429223,8028.0638089138829,293.65983422295955,18812.497765981141,244.64871136767579
-7.3498015432497965,41.238183614974119,0.48604885251079488,-1.1524151772742575,0.07429606737420219,-0.027804632246083177,8027.4122215134621,293.65371800517522,18840.054704294242,251.65756403702244
-7.3016372640389218,41.122426677881336,0.47511617761854791,-1.1652930511069211,0.071530396223162762,-0.027434826616014766,8026.7596796542539,293.64742656607433,18866.82456444663,258.4467310572968
-7.254550424609465,41.005391933964646,0.46457822374226021,-1.1779217029047246,0.068802105471614597,-0.027055024964685287,8026.1062105974024,293.6409653977978,18893.206763273294,265.0086869415486
-7.2085017177317221,40.887104126699136,0.45443083332608225,-1.1903055948415218,0.06611218140749614,-0.026665560149973701,8025.4518277699008,293.63434018062435,18919.529835926471,271.33526096145715
-7.1634522668392071,40.767587658509257,0.44466947847875671,-1.202446559470242,0.063461576550646104,-0.026266777087632733,8024.7965332196354,293.62755679910038,18946.061823432719,277.4181637165043
-7.1193636605515414,40.646866834725671,0.43528932345615107,-1.2143442749204345,0.060851208439945119,-0.025859032928079752,8024.1403197106529,293.62062134500746,18973.01903270603,283.24937376983257
-7.0761979813967537,40.524966062763248,0.42628527600213256,-1.2259966715656527,0.058281958425506215,-0.025442696664969074,8023.4831725150279,293.61354011066311,19000.573429871863,288.82141324322833
-7.0339178297698828,40.401910012946487,0.41765202947078639,-1.2374002808289952,0.055754670516215098,-0.025018148338594372,8022.8250709486274,293.60631957533201,19028.858887060363,294.12753583589733
-6.9924863439859406,40.277723746410402,0.40938409731795045,-1.2485505350817043,0.053270150317992218,-0.024585777962734329,8022.1659896905503,293.59896638693613,19057.976468400004,299.16184628532915
-6.9518672171375924,40.15243281466735,0.40147584127414476,-1.2594420261430403,0.050829164086404532,-0.024145984275641408,8021.5058999194416,293.59148734077905,19087.998911815503,303.91936665061917
-6.9120247113458024,40.0260633347281,0.39392149428403983,-1.2700687286688697,0.048432437908087461,-0.023699173393297857,8020.8447702946096,293.58388935661281,19118.974438590412,308.39606182632906
-6.8729236698907004,39.898642043078105,0.38671517911114417,-1.2804241936869314,0.046080657018354378,-0.023245757424847739,8020.1825678051755,293.57617945506718,19150.93000180044,312.5888342695398
-6.8345295276261924,39.770196331318573,0.37985092335333731,-1.2905017166693509,0.043774465256965676,-0.022786153095457517,8019.5192585067098,293.56836473421055,19183.874067073797,316.49549594660107
-6.7968083200123184,39.640754265872324,0.37332267148935061,-1.3002944838028594,0.041514464659974756,-0.022320780410101135,8018.85480816158,293.56045234681176,19217.799004192639,320.11472389798587
-6.7597266910414975,39.510344593812789,0.36712429447342709,-1.309795699503419,0.039301215182594593,-0.021850061382368779,8018.1891827964255,293.55244947871427,19252.683155397059,323.44600451309634
-6.7232519002864475,39.378996736590373,0.36124959731110523,-1.3189986977068109,0.037135234545917717,-0.021374418844919287,8017.5223491880233,293.54436332860132,19288.492635534541,326.48957054673429
-6.6873518292570644,39.246740773194674,0.35569232498001413,-1.3278970390352136,0.035016998198897378,-0.020894275352273131,8016.8542752867943,293.53620108933768,19325.182910114214,329.24633404993733
-6.6519949872194113,39.113607414095405,0.3504461670029434,-1.3364845955791933,0.032946939386114336,-0.020410052181980512,8016.184930585644,293.5279699309865,19362.700189624738,331.71781769286758
-6.6171505166011455,38.979627967142882,0.3455047609339556,-1.3447556247341024,0.03092544931139625,-0.019922168436557277,8015.5142864405325,293.51967698554404,19400.982671943424,333.90608639574475
-6.5827881980831133,38.844834296475007,0.34086169498002666,-1.3527048332805325,0.028952877387229754,-0.019431040245764149,8014.8423163479883,293.5113293333842,19439.961659123383,335.81368073050544
-6.5488784554559345,38.709258775367132,0.33651050994906562,-1.3603274326924839,0.027029531560033834,-0.018937080066653043,8014.1689961839511,293.50293399136604,19479.562570144062,337.44355319036958
-6.5153923603023101,38.572934233869319,0.33244470068887377,-1.367619186487758,0.025155678701685755,-0.018440696077189563,8013.4943044075435,293.4944979025363,19519.705867222841,338.79900813011614
-6.4823016365502424,38.435893901999812,0.32865771715959724,-1.374576450297156,0.023331545058156461,-0.017942291658078258,8012.8182222327478,293.48602792733317,19560.307909903444,339.88364594298491
-6.4495786649288513,38.298171349200175,0.32514296526363051,-1.381196205217684,0.021557316746683774,-0.017442264956582826,8012.140733770505,293.47753083618471,19601.281748274036,340.70131184957313
-6.4171964873466907,38.15980042070467,0.32189380754104202,-1.3874760849260193,0.019833140293554243,-0.016941008525579008,8011.4618261433434,293.46901330338852,19642.537864248032,341.25604952101617
-6.3851288112022262,38.020815171431572,0.31890356382482971,-1.3934143969585406,0.018159123205254077,-0.016438909030748589,8010.7814895743313,293.46048190215043,19683.984867802123,341.55205963575804
-6.3533500136271979,37.881249797965744,0.31616551193822789,-1.3990101385102793,0.016535334566464666,-0.015936347018674159,8010.0997174519107,293.45194310065949,19725.530153357227,341.59366337051961
-6.3218351456557738,37.741138569167994,0.3136728885055014,-1.4042630070645989,0.014961805659102342,-0.015433696738591077,8009.4165063719975,293.44340325907524,19767.08052006433,341.38527074706985
-6.290559936305689,37.60051575591698,0.31141888993789424,-1.4091734061360583,0.013438530597321887,-0.01493132601066567,8008.7318561586044,293.43486862730657,19808.542758582757,340.93135369311426
-6.2595007965517055,37.459415560461707,0.30939667364742762,-1.4137424463887507,0.011965466974108189,-0.014429596133874921,8008.045769864123,293.42634534346416,19849.824205981236,340.23642362538931
-6.2286348231668418,37.317872045837198,0.30759935953289436,-1.4179719423797852,0.010542536515761656,-0.013928861826842789,8007.3582537504153,293.41783943287339,19890.833269626779,339.30501332321387
-6.1979398024026713,37.175919065771041,0.30602003177455733,-1.4218644051709219,0.0091696257412339551,-0.013429471195327067,8006.6693172517334,293.40935680754029,19931.479920328598,338.14166282970916
-6.167394213476638,37.033590195484422,0.30465174096663761,-1.4254230310494209,0.007846586623885923,-0.012931765720435348,8005.9789729205686,293.40090326596965,19971.676154555826,336.75090909405753
-6.1369772318317271,36.890918663766897,0.30348750660962276,-1.4286516866007164,0.0065732372538147791,-0.012436080262068414,8005.2872363574879,293.39248449324231,20011.336425229238,335.13727905045982
-6.1066687321318733,36.747937286679964,0.30252031997770656,-1.4315548903795468,0.0053493624994301126,-0.011942743072535527,8004.594126126065,293.38410606126615,20050.378040384177,333.30528581704391
-6.0764492909552272,36.604678403219502,0.30174314737027219,-1.434137791431795,0.0041747146674450883,-0.011452075815750589,8003.8996636539723,293.37577342912084,20088.721528898568,331.25942769007281
-6.0463001891467592,36.461173813241544,0.30114893375026214,-1.4364061449256871,0.0030490141608893969,-0.010964393587894524,8003.2038731214452,293.36749194342872,20126.290972464183,329.00418960500031
-6.0162034137915992,36.317454717929991,0.30073060676654789,-1.438366285157497,0.0019719501351426068,-0.010480004935911405,8002.5067813382093,293.35926683868848,20163.014303036809,326.54404673575505
-5.9861416597710511,36.173551663057843,0.30048108115204203,-1.4400250962029524,0.00094318115233053335,-0.0099992118706884632,8001.8084176101302,293.35110323752019,20198.823565121998,323.88346990670448
-5.9560983308642133,36.029494485266433,0.30039326348431361,-1.441389980490591,-3.7664165276888391e-05,-0.0095223098722484259,8001.108813596773,293.3430061507724,20233.655142423861,321.02693249788376
-5.926057540359662,35.885312261559172,0.30046005729089342,-1.4424688255770242,-0.00097098648197938475,-0.0090495878847520906,8000.4080031611129,293.33498047745991,20267.449948595964,317.97891853289889
-5.8960041111436077,35.741033262178412,0.3006743684773252,-1.4432699694060953,-0.0018572150943829829,-0.0085813282995657516,7999.7060222126247,293.32703100449663,20300.153582074494,314.74393165028499
-5.8659235752332508,35.596684907005695,0.30102911105234204,-1.4438021643340397,-0.0026968072749137817,-0.0081178069250881953,7999.0029085450378,293.31916240620529,20331.716445235525,311.3265046727139
-5.8358021727267877,35.452293725597642,0.30151721312135438,-1.4440745402008008,-0.0034902476117494182,-0.0076592929424523105,7998.2987016699353,293.31137924358842,20362.093828390443,307.73120950412647
-5.805626850144483,35.307885320941779,0.3021316231167363,-1.4440965667235681,-0.0042380473437361706,-0.00720604884661362,7997.5934426474605,293.30368596335092,20391.245959409152,303.96266710233357
-5.7753852581384706,35.163484336989271,0.30286531623119434,-1.4438780154823303,-0.0049407436888257768,-0.0067583303727099774,7996.8871739152955,293.29608689667339,20419.138020031223,300.02555729365059
-5.7450657485523973,35.019114429995007,0.30371130101881,-1.4434289217588445,-0.0055988991645681803,-0.006316386407920491,7996.1799391170898,293.28858625774103,20445.7401301842,295.92462821646484
-5.7146573708155977,34.874798243669481,0.30466262612714284,-1.4427595464799836,-0.006213100899231847,-0.0058804588893659237,7995.4717829314068,293.28118814203549,20471.02730186957,291.6647052019423
-5.684149867660194,34.730557388122712,0.30571238712307253,-1.4418803385040997,-0.0067839599321887802,-0.0054507826888757355,7994.7627509023032,293.2738965244053,20494.979364396604,287.25069892221808
-5.6535336701532355,34.586412422556691,0.30685373337480798,-1.4408018974749921,-0.0073121105022939323,-0.0050275854856972196,7994.0528892724551,293.26671525693229,20517.580862936586,282.68761265893204
-5.6227998920397795,34.442382841641404,0.30807987495269118,-1.4395349374525002,-0.0077982093231049139,-0.0046110876284396222,7993.3422448198307,293.25964806661574,20538.820932533574,277.98054856774604
-5.5919403233964893,34.298487065488992,0.30938408951203555,-1.4380902515119254,-0.008242934843924599,-0.004201501987729857,7992.63086469872,293.25269855290145,20558.693149839422,273.13471283714512
-5.5609474235989875,34.154742433122244,0.31075972912222993,-1.436478677486607,-0.008646986495802823,-0.0037990338012070602,7991.9187962858932,293.24587018508055,20577.195364939718,268.15541966215022
-5.5298143136097195,34.011165199316821,0.31220022700767563,-1.4347110650093629,-0.0090110839218009043,-0.0034038805126008201,7991.2060870325768,293.23916629958887,20594.329515702884,263.04809397529169
-5.4985347675964578,33.867770534681945,0.31369910416776386,-1.4327982439893725,-0.0093359661910005706,-0.0030162316067236907,7990.4927843228852,293.23259009723955,20610.101427117781,257.8182728981123
-5.4671032038947862,33.724572528831267,0.31524997584499764,-1.430750994641695,-0.0096223909959240565,-0.0026362684422634921,7989.7789353391754,293.2261446404172,20624.520598086019,252.47160589631685
-5.4355146753309098,33.581584196484684,0.31684655781248322,-1.4285800191672557,-0.0098711338332219314,-0.0022641640842865685,7989.0645869347991,293.21983285026988,20637.599978106686,247.01385364035215
-5.4037648589239096,33.438817486333079,0.31848267245430523,-1.4262959151619878,-0.010082987167676026,-0.0019000831383613366,7988.3497855145997,293.21365750392886,20649.3557362344,241.45088559045621
-5.3718500449891424,33.296283292490507,0.32015225461472507,-1.4239091508151402,-0.010258759579754789,-0.0015441815881841925,7987.6345769233812,293.20762123178923,20659.807024609945,235.78867634097418
-5.3397671256667465,33.153991468353311,0.32184935719465729,-1.4214300419387518,-0.010399274897144602,-0.0011966066385392822,7986.9190063425985,293.20172651488065,20668.975738759309,230.03330077291531
-5.3075135829013149,33.011950842682033,0.3235681564764446,-1.4188687308530803,-0.010505371310860797,-0.00085749656535218739,7986.2031181953425,293.19597568236134,20676.886276733327,224.19092807617022
-5.2750874759005573,32.870169237720198,0.32530295716053542,-1.4162351671365705,-0.010577900476714619,-0.000526980574507714,7985.4869560596471,293.19037090915941,20683.565299022426,218.26781471360454
-5.2424874281023275,32.72865348916379,0.32704819710023325,-1.4135390902338161,-0.010617726603075065,-0.00020517867099614437,7984.7705625901408,293.1849142137915,20689.041491029384,212.27029640826447
-5.2097126136806651,32.587409467796448,0.32879845172320066,-1.4107900139010539,-0.010625725526016302,0.00010779846016687401,7984.0539794479109,293.17960745638118,20693.34532972307,206.20477924226483
-5.1767627436225405,32.446442102607847,0.33054843813084633,-1.4079972124560636,-0.010602783773080602,0.00041184955993168944,7983.3372472384444,293.17445233690023,20696.508855929849,200.07772996158619
-5.1436380514077813,32.305755405216829,0.33229301886906515,-1.40516970878801,-0.010549797617012748,0.00070688288694061648,7982.6204054574673,293.16945039365123,20698.565453549945,193.89566558505877
-5.1103392783252328,32.165352495425203,0.33402720536603109,-1.4023162640727491,-0.010467672120933726,0.00099281629395639101,7981.903492444424,293.16460300201157,20699.549636816308,187.66514241831919
-5.0768676584585251,32.025235627734425,0.33574616103483884,-1.399445369130452,-0.010357320176518815,0.0012695772881092711,7981.1865453433284,293.15991137345122,20699.496846545986,181.39274457464018
-5.043224903375001,31.885406218663583,0.3374452040407413,-1.3965652373550492,-0.010219661536827565,0.0015371030742289489,7980.4696000706672,293.15537655483695,20698.443256170336,175.08507210426558
-5.0094131865512708,31.745864874714677,0.33911980973453204,-1.3936837991389297,-0.010055621845500535,0.0017953405806771224,7979.7526912900348,293.15099942803442,20696.425588173217,168.74872883248588
-4.9754351275686659,31.60661142083886,0.34076561275526335,-1.3908086977115022,-0.0098661316640902101,0.0020442464672442667,7979.0358523931109,293.14678070981358,20693.480941416841,162.39031000416077
-4.9412937761114772,31.467644929265695,0.34237840880697296,-1.3879472863065674,-0.0096521254993313377,0.0022837871148181791,7978.3191154866136,293.14272095206348,20689.646629694216,156.01638982893988
-4.9069925958003422,31.328963748566032,0.34395415611541491,-1.3851066265708962,-0.0094145408321796697,0.0025139385966708766,7977.6025113848737,293.13882054231783,20684.960031716404,149.63350901718971
-4.8725354478924938,31.190565532827964,0.34548897657195388,-1.3822934881248807,-0.0091543171504581133,0.0027346866313432334,7976.8860696075744,293.13507970459227,20679.458452623294,143.24816239167234
-4.8379265748798437,31.052447270834225,0.3469791565727946,-1.3795143491855202,-0.0088723949869462682,0.0029460265172322913,7976.1698183823073,293.13149850053236,20673.178996997081,136.86678665454656
-4.8031705840149925,30.914605315138406,0.3484211475625773,-1.3767753981622752,-0.0085697149647342447,0.0031479630491037104,7975.4537846515068,293.12807683086589,20666.158453261076,130.49574838331068
-4.768272430794366,30.777035410946208,0.34981156629209664,-1.3740825361373237,-0.008247216851634943,0.0033405104168606177,7974.7379940834098,293.12481443715626,20658.43318925962,124.14133232310525
-4.7332374024266324,30.639732724716801,0.35114719480048723,-1.3714413801434422,-0.0079058386254119793,0.003523692086999809,7974.022471086626,293.12171090384822,20650.039058740589,117.80973003633056
-4.6980711013135377,30.502691872407851,0.35242498013268819,-1.3688572671549999,-0.0075465155515336089,0.003697540667276465,7973.3072388279315,293.11876566059738,20641.011318397741,111.50702896400969
-4.662779428569185,30.365906947296267,0.35364203380334985,-1.3663352587103075,-0.0071701792751077834,0.0038620977551791489,7972.5923192529608,293.11597798487327,20631.384555076671,105.23920194676265
-4.627368567602657,30.229371547314553,0.3547956310185934,-1.3638801460867387,-0.0067777569285903611,0.0040174137708878059,7971.8777331094025,293.11334700482462,20621.192622704744,99.012097246787619
-4.5918449677877407,30.093078801850623,0.35588320966718884,-1.3614964559535394,-0.0063701702567888433,0.0041635477754489222,7971.1634999723838,293.11087170239347,20610.468588470576,92.831429105888844
-4.5562153282423417,29.957021397966038,0.35690236909278522,-1.3591884564310133,-0.0059483347606084395,0.0043005672749540811,7970.4496382717189,293.10855091666582,20599.244687753391,86.702768868473413
-4.5204865817390205,29.821191605994827,0.35785086865882115,-1.3569601634887241,-0.0055131588609069575,0.0044285480115511984,7969.7361653207217,293.10638334744397,20587.552287283885,80.631536692525344
-4.4846658787669371,29.685581304491432,0.35872662611767148,-1.3548153476194544,-0.0050655430837407422,0.0045475737421521055,7969.0230973462967,293.10436755902657,20575.421856008295,74.62299386598994
-4.4487605717642911,29.55018200450267,0.35952771579545861,-1.3527575407298251,-0.0046063792681963747,0.0046577360057262337,7968.310449520025,293.10250198418004,20562.882943121771,68.682235740747956
-4.4127781995392787,29.414984873144107,0.36025236660377785,-1.3507900431926751,-0.0041365497979132491,0.0047591338800885875,7967.5982359900245,293.10078492828666,20549.964162739136,62.814185291420415
-4.3767264718964061,29.279980756466824,0.36089895988936982,-1.3489159310104857,-0.0036569268573107896,0.0048518737291012165,7966.886469913341,293.09921457365448,20536.693184676486,57.023587301747796
-4.3406132544839506,29.145160201605243,0.36146602713252013,-1.3471380630432535,-0.0031683717134420525,0.0049360689412119192,7966.1751634886496,293.09778898397184,20523.096730827467,51.315003177096685
-4.3044465538772672,29.010513478201332,0.36195224750468752,-1.3454590882582564,-0.0026717340243030698,0.00501183966025214,7965.4643279890915,293.09650610889236,20509.200576631541,45.692806377897966
-4.2682345029116124,28.876030599104499,0.36235644529556166,-1.343881452963084,-0.0021678511743354585,0.0050793125094087191,7964.7539737950528,293.09536378873304,20495.029557148446,40.16117846543176
-4.23198534627715,28.741701340350282,0.36267758721943621,-1.3424074079870814,-0.0016575476377687971,0.005138620309271918,7964.0441104267329,293.0943597592713,20480.60757727153,34.72410574836664
-4.1957074263878162,28.607515260424186,0.36291477961045404,-1.3410390157799987,-0.0011416343703597237,0.0051899017908453313,7963.3347465763636,293.09349165662752,20465.957625633942,29.385376515820667
-4.1594091695347997,28.473461718820126,0.36306726551594964,-1.3397781574000946,-0.00062090822999697252,0.0052333013043827153,7962.6258901399506,293.0927570222147,20451.101791783298,24.148578840444202
-4.1230990723344565,28.33952989390545,0.36313442169677274,-1.3386265393672261,-9.6151426556007009e-05,0.0052689685248926673,7961.9175482484052,293.09215330774379,20436.061286223739,19.017098933056559
-4.0867856884796296,28.205708800106937,0.36311575554314285,-1.3375857003595619,0.00043186899869608652,0.0052970581551252142,7961.2097272979945,293.09167788027054,20420.856462948101,13.994120028778639
-4.0504776158024889,28.07198730443411,0.36301090191424584,-1.336657017735456,0.00096240166392502855,0.0053177296268250296,7960.5024329800044,293.09132802726992,20405.506844106243,9.0826217832551492
-4.014183483656196,27.938354142358012,0.36281961990945427,-1.3358417138647416,0.0014947113076398978,0.0053311468010046941,7959.7956703095615,293.09110096172532,20390.031146480131,4.2853801565352683
-3.9779119406219299,27.804797933064997,0.36254178957872868,-1.3351408622562357,0.0020280792196206332,0.0053374776679585767,7959.0894436535091,293.09099382722138,20374.447309458967,-0.39503223859458103
-3.9416716425470799,27.671307194108437,0.36217740857919717,-1.3345553933680758,0.0025618036418639987,0.0053368940477035373,7958.3837567573555,293.09098395141547,20358.772490208885,-4.956245348913626
-3.9054712409197307,27.537870355503149,0.36172658878263009,-1.3340860994374495,0.0030952001396151447,0.0053295712914302905,7957.6786127723499,293.09086004528183,20343.022803649088,-9.3960904839505588
-3.8693193715838907,27.404475773281586,0.36118955285116694,-1.3337336421758355,0.0036276019426037583,0.0053156879844792285,7956.9740142915844,293.09062514301985,20327.21405026783,-13.712598665090411
-3.8332246437987072,27.271111742367427,0.36056663077139917,-1.3334985566892217,0.0041583602566792272,0.005295425651862997,7956.26996336089,293.09028232805332,20311.361374305699,-17.90399867460934
-3.7971956296453695,27.137766509036563,0.35985825636321872,-1.333381256468483,0.0046868445461134061,0.0052689684666514967,7955.5664615015648,293.08983472808649,20295.479295479166,-21.968714751329287
-3.76124085378405,27.004428282888764,0.35906496376687674,-1.3333820381390082,0.0052124427868747826,0.0052365029616790737,7954.8635097320066,293.08928551021779,20279.581740811642,-25.905363965100548
-3.7253687835628244,26.871085248353932,0.35818738391379396,-1.3335010859692351,0.0057345616912252637,0.0051982177450499486,7954.1611085882305,293.0886378761187,20263.682076410794,-29.712753293444337
-3.6895878194800007,26.737725575757196,0.35722624098642164,-1.3337384761389401,0.0062526269040371072,0.0051543032198836007,7953.4592581433099,293.0878950572864,20247.793139046895,-33.389876423110081
-3.6539062860007272,26.604337431966663,0.35618234887221678,-1.3340941807692073,0.0067660831712703417,0.0051049513087083965,7952.757958025707,293.08706031037588,20231.927267402629,-36.93591029870862
-3.6183324227282938,26.470908990647615,0.35505660761657054,-1.3345680717169461,0.0072743944810904721,0.0050503551828790768,7952.0572074365173,293.08613691261854,20216.0963328781,-40.350211439881605
-3.5828743759300297,26.337428442146528,0.35384999987931537,-1.3351599241376797,0.0077770441781426633,0.0049907089973622179,7951.3570051656625,293.08512815733252,20200.311769848471,-43.632312047731091
-3.5475401904172683,26.203884003027888,0.35256358739923066,-1.3358694198210632,0.0082735350515317149,0.004926207631203207,7950.657349607025,293.08403734953146,20184.584605283271,-46.781915920465622
-3.5123378017784104,26.070263925286344,0.35119850747077014,-1.3366961503042498,0.0087633893970873802,0.0048570464339588986,7949.9582387725632,293.08286780163343,20168.925487647492,-49.798894197388336
-3.477275028963696,25.93655650525621,0.3497559694370469,-1.3376396197687817,0.0092461490545217954,0.0047834209783519542,7949.2596703054078,293.08162282927839,20153.344715014744,-52.683280949549157
-3.4423595672199054,25.802750092239652,0.34823725120293053,-1.3386992477271851,0.009721375420110371,0.0047055268193758673,7948.5616414920087,293.08030574725478,20137.852262331868,-55.43526863452729
-3.4075989813728351,25.668833096874383,0.3466436957719391,-1.3398743715058632,0.010188649435549335,0.00462355926005391,7947.8641492733304,293.07891986553898,20122.457807782594,-58.055203431979692
-3.3730006994550141,25.534793999260952,0.34497670781044176,-1.3411642485312458,0.010647571553662477,0.0045377131240307272,7947.1671902551207,293.07746848545321,20107.170758205524,-60.54358047574641
-3.3385720066758111,25.400621356868935,0.34323775024252734,-1.3425680584264561,0.011097761681646577,0.0044481825351520019,7946.4707607173141,293.07595489594121,20092.000273528378,-62.90103899748533
-3.3043200397307206,25.266303812240825,0.34142834087874052,-1.3440849049260144,0.011538859102559647,0.0043551607041655335,7945.7748566225819,293.07438236996632,20076.955290186499,-65.128357395988587
-3.2702517814463312,25.131830100511344,0.33955004908173797,-1.3457138176163028,0.011970522375768632,0.0042588397226561688,7945.0794736240759,293.07275416103153,20062.044543499025,-67.226448245544304
-3.2363740557571541,24.997189056759396,0.3376044924717711,-1.3474537535096929,0.012392429217083658,0.0041594103643072975,7944.3846070723912,293.07107349982545,20047.276588981,-69.196353255939641
-3.2026935230102289,24.862369623208913,0.33559333367476407,-1.3493035984603723,0.01280427635931446,0.0040570618935630342,7943.6902520217955,293.06934359099415,20032.659822573954,-71.03923819594695
-3.1692166755931321,24.727360856294155,0.33351827711561671,-1.3512621684300139,0.013205779393991304,0.0039519818817476985,7942.9964032357548,293.06756761003925,20018.202499781168,-72.756387791432815
-3.1359498338807694,24.592151933604086,0.33138106585923188,-1.3533282106115123,0.01359667259499777,0.0038443560306827178,7942.3030551918037,293.06574870034439,20003.912753697361,-74.349200608522835
-3.1028991424960801,24.456732160719724,0.32918347850163365,-1.3555004044190697,0.013976708724866099,0.0037343680038257076,7941.6102020857697,293.06388997032911,19989.798611925235,-75.819183931620842
-3.07007056687956,24.3210909779575,0.3269273261134194,-1.3577773623529565,0.014345658824487732,0.0036221992649419234,7940.9178378354436,293.06199449073091,19975.868012374089,-77.167948645430926
-3.0374698901622725,24.185217967030805,0.32461444923766086,-1.3601576307472871,0.014703311986992164,0.0035080289243047806,7940.2259560836847,293.06006529201483,19962.128817937861,-78.397204129550772
-3.0051027103368346,24.04910285764112,0.32224671494424778,-1.3626396904091633,0.015049475116546352,0.003392033592409428,7939.5345502010041,293.0581053619116,19948.588830051813,-79.508753173653332
-2.9729744377206484,23.912735534009208,0.3198260139425485,-1.3652219571575339,0.015383972672824913,0.0032743872411714996,7938.8436132877068,293.05611764308225,19935.255801128995,-80.504486920708644
-2.9410902927054812,23.776106041356137,0.31735425775414061,-1.3679027822701031,0.015706646401898009,0.0031552610725721088,7938.1531381755876,293.05410503090911,19922.137445879191,-81.386379845234529
-2.9094553037873134,23.639204592342892,0.31483337594724847,-1.3706804528465921,0.01601735505427964,0.0030348233946997875,7937.4631174292363,293.05207037141287,19909.241451513855,-82.15648477306874
-2.8780743058702325,23.502021573476725,0.31226531343440789,-1.3735531920966391,0.016315974090873618,0.0029132395051304429,7936.7735433469925,293.05001645929366,19896.575486842568,-82.816927948731632
-2.8469519388379791,23.364547551491381,0.30965202783476309,-1.3765191595605666,0.016602395377548321,0.0027906715815773833,7936.084407961569,293.0479460360948,19884.147210266656,-83.369904156018976
-2.816092646386644,23.226773279707576,0.30699548690228667,-1.3795764512712261,0.016876526869064289,0.0026672785797350836,7935.3957030404335,293.04586178849092,19871.964276677591,-83.817671897102485
-2.7855006751118663,23.088689704379359,0.30429766602109987,-1.3827230998650533,0.017138292283070473,0.0025432161382325184,7934.7074200859133,293.04376634669353,19860.034343267555,-84.162548635029225
-2.7551800738437775,22.950287971031027,0.30156054576895919,-1.3859570746504399,0.017387630764876542,0.0024186364906046052,7934.019550335127,293.0416622829776,19848.365074261481,-84.406906104188437
-2.7251346932228455,22.811559430788616,0.29878610954986162,-1.3892762816414557,0.017624496543699204,0.0022936883841834892,7933.3320847597297,293.03955211032502,19836.964144579702,-84.553165693016751
-2.6953681855096634,22.672495646709066,0.29597634129661182,-1.3926785635648953,0.017848858581070208,0.0021685170058050431,7932.6450140655588,293.03743828118257,19825.839242442042,-84.603793902888384
-2.6658840046216583,22.533088400109445,0.29313322324408331,-1.3961616998485631,0.018060700212083183,0.0020432639142200638,7931.9583286921516,293.03532318633501,19814.998070923892,-84.561297886896995
-2.6366854063896299,22.393329696897741,0.29025873377379602,-1.3997234065986355,0.018260018780145125,0.0019180669790940961,7931.2720188122539,293.03320915388781,19804.448348476853,-84.428221071966775
-2.6077754490269576,22.253211773906102,0.28735484533032524,-1.4033613365738644,0.018446825265886597,0.001793060326474689,7930.586074331266,293.03109844836115,19794.197808425972,-84.207138867497548
-2.579156993804284,22.112727105226387,0.28442352240994689,-1.4070730791643109,0.018621143910872287,0.0016683742906000833,7929.9004848867462,293.0289932698895,19784.254197457863,-83.900654463539553
-2.5508327059224309,21.971868408547451,0.28146671962181852,-1.4108561603822072,0.01878301183674088,0.0015441353719188378,7929.2152398479338,293.02689575352787,19774.625273113488,-83.511394721274911
-2.5228050555762933,21.830628651492454,0.27848637982188962,-1.4147080428724546,0.018932478660389926,0.0014204662011857304,7928.5303283153853,293.02480796865979,19765.318800301429,-83.042006158394855
-2.4950763192024263,21.689001057954123,0.27548443231962788,-1.4186261259501738,0.019069606105807803,0.001297485509495385,7927.8457391207057,293.02273191850588,19756.342546847914,-82.495151031784843
-2.4676485809030519,21.546979114424829,0.27246279115754618,-1.4226077456726105,0.019194467613140889,0.0011753081041114331,7927.1614608264535,293.02066953972997,19747.704278101202,-81.873503519759225
-2.4405237340391999,21.404556576317827,0.26942335346341073,-1.4266501749525871,0.019307147945569609,0.0010540448499456495,7926.477481726236,293.01862270214201,19739.411750608477,-81.179746005914794
-2.4137034829857309,21.261727474275197,0.26636799787491017,-1.4307506237205794,0.019407742794552506,0.00093380265653836086,7925.793789845,293.01659320849183,19731.472704885891,-80.416565466538373
-2.3871893450410044,21.118486120457355,0.26329858303646592,-1.4349062391423522,0.019496358383982233,0.00081468447038851057,7925.1103729395918,293.01458279435508,19723.894857301915,-79.586649963327673
-2.3609826524839916,20.974827114808303,0.26021694616776531,-1.4391141058989581,0.019573111073782481,0.00069678927247908244,7924.427218499598,293.012593128106,19716.685891097346,-78.692685243077847
-2.3350845547716848,20.830745351290119,0.25712490170350216,-1.4433712465357444,0.019638126963458884,0.00058021208084107969,7923.744313748487,293.01062581097483,19709.85344656519,-77.737351445816586
-2.3094960208697035,20.686236024079523,0.25402424000371754,-1.4476746218868564,0.019691541496101587,0.00046504395799699234,7923.0616456450962,293.00868237718873,19703.405110416374,-76.723319922755067
-2.2842178417090695,20.541294633718717,0.25091672613403754,-1.4520211315815406,0.019733499063320836,0.00035137202312259224,7922.3792008855007,293.0067642941907,19697.348404358152,-75.653250165290515
-2.2592506327621797,20.395916993212079,0.24780409871501943,-1.4564076146383702,0.019764152611580987,0.00023927946876399971,7921.696965905242,293.00487296293653,19691.690772913749,-74.529786846148312
-2.2345948367311181,20.250099234059675,0.24468806883972555,-1.4608308501533125,0.019783663250381816,0.00012884558194528649,7921.0149268820242,293.00300971826545,19686.439570514176,-73.355556973654487
-2.2102507263415077,20.103837812217982,0.24157031905856419,-1.4652875580873277,0.019792199862719569,2.0145769500344047e-05,7920.3330697388201,293.00117582934121,19681.602047893939,-72.133167159968124
-2.1862184072352253,19.957129513977655,0.2384525024303519,-1.4697744001589794,0.019789938718243479,-8.6748412538550619e-05,7919.6513801474639,292.99937250016228,19677.185337825311,-70.865201004000369
-2.1624978209553958,19.809971461747637,0.23533624163847425,-1.4742879808472624,0.019777063089506639,-0.00019176922566418436,7918.9698435327437,292.99760087013709,19673.196440226846,-69.554216589601168
-2.1390887480172101,19.662361119734328,0.23222312817094681,-1.4788248485096132,0.01975376287169325,-0.00029485271189951315,7918.2884450769989,292.99586201472238,19669.642206684613,-68.202744099474074
-2.1159908110582206,19.514296299504228,0.22911472156310628,-1.4833814966197669,0.019720234206187345,-0.0003959386532548161,7917.6071697252592,292.9941569461198,19666.52932442589,-66.813283545141147
-2.0932034780619087,19.365775165417755,0.22601254870159246,-1.4879543651298426,0.019676679108330798,-0.00049497052780783386,7916.9260021909331,292.99248661403112,19663.864299787736,-65.388302613152803
-2.0707260656484472,19.216796239921791,0.222918103188219,-1.4925398419607101,0.019623305099701529,-0.00059189546257818566,7916.2449269620793,292.99085190646593,19661.653441224495,-63.930234627587808
-2.0485577424267327,19.067358408687856,0.21983284476226916,-1.4971342646243706,0.019560324845225751,-0.00068666418336749276,7915.5639283082546,292.98925365060029,19659.902841900908,-62.441476628770594
